Chemical	Chemical_URI	Relationship	Relationship_URI	Disease_Area	Disease_Area_URI
chlormadinone	https://identifiers.org/lincs.smallmolecule:LSM-1242	chemical-disease association	https://semanticscience.org/resource/SIO_001257	CNS	http://purl.obolibrary.org/obo/DOID_863
bupivacaine	https://identifiers.org/lincs.smallmolecule:LSM-4301	chemical-disease association	https://semanticscience.org/resource/SIO_001257	CV	http://purl.obolibrary.org/obo/DOID_1287
betamethasone	https://identifiers.org/lincs.smallmolecule:LSM-1248	chemical-disease association	https://semanticscience.org/resource/SIO_001257	CNS	http://purl.obolibrary.org/obo/DOID_863
ethinyl-estradiol	https://identifiers.org/lincs.smallmolecule:LSM-1251	chemical-disease association	https://semanticscience.org/resource/SIO_001257	CNS	http://purl.obolibrary.org/obo/DOID_863
esmolol	https://identifiers.org/lincs.smallmolecule:LSM-4957	chemical-disease association	https://semanticscience.org/resource/SIO_001257	CV	http://purl.obolibrary.org/obo/DOID_1287
epinephrine	https://identifiers.org/lincs.smallmolecule:LSM-4958	chemical-disease association	https://semanticscience.org/resource/SIO_001257	CNS	http://purl.obolibrary.org/obo/DOID_863
vigabatrin	https://identifiers.org/lincs.smallmolecule:LSM-4959	chemical-disease association	https://semanticscience.org/resource/SIO_001257	CNS	http://purl.obolibrary.org/obo/DOID_863
flecainide	https://identifiers.org/lincs.smallmolecule:LSM-1297	chemical-disease association	https://semanticscience.org/resource/SIO_001257	CV	http://purl.obolibrary.org/obo/DOID_1287
verapamil	https://identifiers.org/lincs.smallmolecule:LSM-1298	chemical-disease association	https://semanticscience.org/resource/SIO_001257	CV	http://purl.obolibrary.org/obo/DOID_1287
cyclophosphamide	https://identifiers.org/lincs.smallmolecule:LSM-4961	chemical-disease association	https://semanticscience.org/resource/SIO_001257	CNS	http://purl.obolibrary.org/obo/DOID_863
propranolol	https://identifiers.org/lincs.smallmolecule:LSM-4329	chemical-disease association	https://semanticscience.org/resource/SIO_001257	CV	http://purl.obolibrary.org/obo/DOID_1287
dexamethasone	https://identifiers.org/lincs.smallmolecule:LSM-1303	chemical-disease association	https://semanticscience.org/resource/SIO_001257	CNS	http://purl.obolibrary.org/obo/DOID_863
isoxsuprine	https://identifiers.org/lincs.smallmolecule:LSM-1346	chemical-disease association	https://semanticscience.org/resource/SIO_001257	CV	http://purl.obolibrary.org/obo/DOID_1287
ibuprofen	https://identifiers.org/lincs.smallmolecule:LSM-1354	chemical-disease association	https://semanticscience.org/resource/SIO_001257	CV	http://purl.obolibrary.org/obo/DOID_1287
phensuximide	https://identifiers.org/lincs.smallmolecule:LSM-1359	chemical-disease association	https://semanticscience.org/resource/SIO_001257	CV	http://purl.obolibrary.org/obo/DOID_1287
estradiol	https://identifiers.org/lincs.smallmolecule:LSM-1367	chemical-disease association	https://semanticscience.org/resource/SIO_001257	CNS	http://purl.obolibrary.org/obo/DOID_863
metrifonate	https://identifiers.org/lincs.smallmolecule:LSM-4995	chemical-disease association	https://semanticscience.org/resource/SIO_001257	CNS	http://purl.obolibrary.org/obo/DOID_863
warfarin	https://identifiers.org/lincs.smallmolecule:LSM-1405	chemical-disease association	https://semanticscience.org/resource/SIO_001257	Blood	http://purl.obolibrary.org/obo/DOID_74
prednisolone	https://identifiers.org/lincs.smallmolecule:LSM-1425	chemical-disease association	https://semanticscience.org/resource/SIO_001257	CNS	http://purl.obolibrary.org/obo/DOID_863
acebutolol	https://identifiers.org/lincs.smallmolecule:LSM-4384	chemical-disease association	https://semanticscience.org/resource/SIO_001257	CV	http://purl.obolibrary.org/obo/DOID_1287
ethotoin	https://identifiers.org/lincs.smallmolecule:LSM-1440	chemical-disease association	https://semanticscience.org/resource/SIO_001257	CV	http://purl.obolibrary.org/obo/DOID_1287
mitotane	https://identifiers.org/lincs.smallmolecule:LSM-1451	chemical-disease association	https://semanticscience.org/resource/SIO_001257	CNS	http://purl.obolibrary.org/obo/DOID_863
teniposide	https://identifiers.org/lincs.smallmolecule:LSM-1483	chemical-disease association	https://semanticscience.org/resource/SIO_001257	CNS	http://purl.obolibrary.org/obo/DOID_863
triamcinolone	https://identifiers.org/lincs.smallmolecule:LSM-1503	chemical-disease association	https://semanticscience.org/resource/SIO_001257	Blood	http://purl.obolibrary.org/obo/DOID_74
ketorolac	https://identifiers.org/lincs.smallmolecule:LSM-1526	chemical-disease association	https://semanticscience.org/resource/SIO_001257	CV	http://purl.obolibrary.org/obo/DOID_1287
terbutaline	https://identifiers.org/lincs.smallmolecule:LSM-5065	chemical-disease association	https://semanticscience.org/resource/SIO_001257	CNS	http://purl.obolibrary.org/obo/DOID_863
doxorubicin	https://identifiers.org/lincs.smallmolecule:LSM-1622	chemical-disease association	https://semanticscience.org/resource/SIO_001257	CV	http://purl.obolibrary.org/obo/DOID_1287
tianeptine	https://identifiers.org/lincs.smallmolecule:LSM-1626	chemical-disease association	https://semanticscience.org/resource/SIO_001257	CNS	http://purl.obolibrary.org/obo/DOID_863
racephedrine	https://identifiers.org/lincs.smallmolecule:LSM-1633	chemical-disease association	https://semanticscience.org/resource/SIO_001257	CV	http://purl.obolibrary.org/obo/DOID_1287
cortisone	https://identifiers.org/lincs.smallmolecule:LSM-1635	chemical-disease association	https://semanticscience.org/resource/SIO_001257	CNS	http://purl.obolibrary.org/obo/DOID_863
methotrexate	https://identifiers.org/lincs.smallmolecule:LSM-4285	chemical-disease association	https://semanticscience.org/resource/SIO_001257	CNS	http://purl.obolibrary.org/obo/DOID_863
vinblastine	https://identifiers.org/lincs.smallmolecule:LSM-1647	chemical-disease association	https://semanticscience.org/resource/SIO_001257	CNS	http://purl.obolibrary.org/obo/DOID_863
chlorcyclizine	https://identifiers.org/lincs.smallmolecule:LSM-5088	chemical-disease association	https://semanticscience.org/resource/SIO_001257	CNS	http://purl.obolibrary.org/obo/DOID_863
nimodipine	https://identifiers.org/lincs.smallmolecule:LSM-1659	chemical-disease association	https://semanticscience.org/resource/SIO_001257	CV	http://purl.obolibrary.org/obo/DOID_1287
ritodrine	https://identifiers.org/lincs.smallmolecule:LSM-1664	chemical-disease association	https://semanticscience.org/resource/SIO_001257	CV	http://purl.obolibrary.org/obo/DOID_1287
vincristine	https://identifiers.org/lincs.smallmolecule:LSM-1672	chemical-disease association	https://semanticscience.org/resource/SIO_001257	CNS	http://purl.obolibrary.org/obo/DOID_863
hydrocortisone	https://identifiers.org/lincs.smallmolecule:LSM-1718	chemical-disease association	https://semanticscience.org/resource/SIO_001257	CNS	http://purl.obolibrary.org/obo/DOID_863
BRD-A66861218	https://identifiers.org/lincs.smallmolecule:LSM-1725	chemical-disease association	https://semanticscience.org/resource/SIO_001257	CV	http://purl.obolibrary.org/obo/DOID_1287
BRD-A66861218	https://identifiers.org/lincs.smallmolecule:LSM-1725	chemical-disease association	https://semanticscience.org/resource/SIO_001257	CNS	http://purl.obolibrary.org/obo/DOID_863
ifosfamide	https://identifiers.org/lincs.smallmolecule:LSM-5118	chemical-disease association	https://semanticscience.org/resource/SIO_001257	CNS	http://purl.obolibrary.org/obo/DOID_863
progesterone	https://identifiers.org/lincs.smallmolecule:LSM-1728	chemical-disease association	https://semanticscience.org/resource/SIO_001257	CNS	http://purl.obolibrary.org/obo/DOID_863
daunorubicin	https://identifiers.org/lincs.smallmolecule:LSM-1731	chemical-disease association	https://semanticscience.org/resource/SIO_001257	CNS	http://purl.obolibrary.org/obo/DOID_863
cyclosporin-a	https://identifiers.org/lincs.smallmolecule:LSM-1703	chemical-disease association	https://semanticscience.org/resource/SIO_001257	CV	http://purl.obolibrary.org/obo/DOID_1287
cyclosporin-a	https://identifiers.org/lincs.smallmolecule:LSM-1703	chemical-disease association	https://semanticscience.org/resource/SIO_001257	CV	http://purl.obolibrary.org/obo/DOID_1287
exemestane	https://identifiers.org/lincs.smallmolecule:LSM-1773	chemical-disease association	https://semanticscience.org/resource/SIO_001257	CNS	http://purl.obolibrary.org/obo/DOID_863
mephenytoin	https://identifiers.org/lincs.smallmolecule:LSM-1852	chemical-disease association	https://semanticscience.org/resource/SIO_001257	CV	http://purl.obolibrary.org/obo/DOID_1287
flurbiprofen	https://identifiers.org/lincs.smallmolecule:LSM-5174	chemical-disease association	https://semanticscience.org/resource/SIO_001257	CV	http://purl.obolibrary.org/obo/DOID_1287
yohimbine	https://identifiers.org/lincs.smallmolecule:LSM-1877	chemical-disease association	https://semanticscience.org/resource/SIO_001257	CNS	http://purl.obolibrary.org/obo/DOID_863
triamcinolone	https://identifiers.org/lincs.smallmolecule:LSM-1905	chemical-disease association	https://semanticscience.org/resource/SIO_001257	CNS	http://purl.obolibrary.org/obo/DOID_863
thalidomide	https://identifiers.org/lincs.smallmolecule:LSM-1914	chemical-disease association	https://semanticscience.org/resource/SIO_001257	CNS	http://purl.obolibrary.org/obo/DOID_863
digoxin	https://identifiers.org/lincs.smallmolecule:LSM-1930	chemical-disease association	https://semanticscience.org/resource/SIO_001257	Blood	http://purl.obolibrary.org/obo/DOID_74
sertaconazole	https://identifiers.org/lincs.smallmolecule:LSM-1938	chemical-disease association	https://semanticscience.org/resource/SIO_001257	CV	http://purl.obolibrary.org/obo/DOID_1287
fenoterol	https://identifiers.org/lincs.smallmolecule:LSM-1948	chemical-disease association	https://semanticscience.org/resource/SIO_001257	CV	http://purl.obolibrary.org/obo/DOID_1287
ketoprofen	https://identifiers.org/lincs.smallmolecule:LSM-1955	chemical-disease association	https://semanticscience.org/resource/SIO_001257	CV	http://purl.obolibrary.org/obo/DOID_1287
ethosuximide	https://identifiers.org/lincs.smallmolecule:LSM-5195	chemical-disease association	https://semanticscience.org/resource/SIO_001257	CNS	http://purl.obolibrary.org/obo/DOID_863
vinblastine	https://identifiers.org/lincs.smallmolecule:LSM-6068	chemical-disease association	https://semanticscience.org/resource/SIO_001257	CNS	http://purl.obolibrary.org/obo/DOID_863
caffeine	https://identifiers.org/lincs.smallmolecule:LSM-2026	chemical-disease association	https://semanticscience.org/resource/SIO_001257	CNS	http://purl.obolibrary.org/obo/DOID_863
parbendazole	https://identifiers.org/lincs.smallmolecule:LSM-4893	chemical-disease association	https://semanticscience.org/resource/SIO_001257	CNS	http://purl.obolibrary.org/obo/DOID_863
azacitidine	https://identifiers.org/lincs.smallmolecule:LSM-5218	chemical-disease association	https://semanticscience.org/resource/SIO_001257	CNS	http://purl.obolibrary.org/obo/DOID_863
lithocholic-acid	https://identifiers.org/lincs.smallmolecule:LSM-5223	chemical-disease association	https://semanticscience.org/resource/SIO_001257	CNS	http://purl.obolibrary.org/obo/DOID_863
nicotine	https://identifiers.org/lincs.smallmolecule:LSM-2093	chemical-disease association	https://semanticscience.org/resource/SIO_001257	CNS	http://purl.obolibrary.org/obo/DOID_863
fluconazole	https://identifiers.org/lincs.smallmolecule:LSM-2106	chemical-disease association	https://semanticscience.org/resource/SIO_001257	CNS	http://purl.obolibrary.org/obo/DOID_863
AM-580	https://identifiers.org/lincs.smallmolecule:LSM-2132	chemical-disease association	https://semanticscience.org/resource/SIO_001257	CNS	http://purl.obolibrary.org/obo/DOID_863
sparfloxacin	https://identifiers.org/lincs.smallmolecule:LSM-5251	chemical-disease association	https://semanticscience.org/resource/SIO_001257	CV	http://purl.obolibrary.org/obo/DOID_1287
chloramphenicol	https://identifiers.org/lincs.smallmolecule:LSM-5256	chemical-disease association	https://semanticscience.org/resource/SIO_001257	CNS	http://purl.obolibrary.org/obo/DOID_863
thiotepa	https://identifiers.org/lincs.smallmolecule:LSM-2194	chemical-disease association	https://semanticscience.org/resource/SIO_001257	CNS	http://purl.obolibrary.org/obo/DOID_863
sulfasalazine	https://identifiers.org/lincs.smallmolecule:LSM-5278	chemical-disease association	https://semanticscience.org/resource/SIO_001257	CV	http://purl.obolibrary.org/obo/DOID_1287
phenylbutazone	https://identifiers.org/lincs.smallmolecule:LSM-2219	chemical-disease association	https://semanticscience.org/resource/SIO_001257	CV	http://purl.obolibrary.org/obo/DOID_1287
perphenazine	https://identifiers.org/lincs.smallmolecule:LSM-2224	chemical-disease association	https://semanticscience.org/resource/SIO_001257	CNS	http://purl.obolibrary.org/obo/DOID_863
aspirin	https://identifiers.org/lincs.smallmolecule:LSM-5288	chemical-disease association	https://semanticscience.org/resource/SIO_001257	CNS	http://purl.obolibrary.org/obo/DOID_863
procarbazine	https://identifiers.org/lincs.smallmolecule:LSM-2272	chemical-disease association	https://semanticscience.org/resource/SIO_001257	CNS	http://purl.obolibrary.org/obo/DOID_863
propranolol	https://identifiers.org/lincs.smallmolecule:LSM-5318	chemical-disease association	https://semanticscience.org/resource/SIO_001257	CV	http://purl.obolibrary.org/obo/DOID_1287
ibuprofen	https://identifiers.org/lincs.smallmolecule:LSM-2323	chemical-disease association	https://semanticscience.org/resource/SIO_001257	CV	http://purl.obolibrary.org/obo/DOID_1287
diazepam	https://identifiers.org/lincs.smallmolecule:LSM-2359	chemical-disease association	https://semanticscience.org/resource/SIO_001257	CNS	http://purl.obolibrary.org/obo/DOID_863
trimethadione	https://identifiers.org/lincs.smallmolecule:LSM-5345	chemical-disease association	https://semanticscience.org/resource/SIO_001257	CV	http://purl.obolibrary.org/obo/DOID_1287
estradiol	https://identifiers.org/lincs.smallmolecule:LSM-2421	chemical-disease association	https://semanticscience.org/resource/SIO_001257	CNS	http://purl.obolibrary.org/obo/DOID_863
diflunisal	https://identifiers.org/lincs.smallmolecule:LSM-2490	chemical-disease association	https://semanticscience.org/resource/SIO_001257	CV	http://purl.obolibrary.org/obo/DOID_1287
retinol	https://identifiers.org/lincs.smallmolecule:LSM-5317	chemical-disease association	https://semanticscience.org/resource/SIO_001257	CNS	http://purl.obolibrary.org/obo/DOID_863
tretinoin	https://identifiers.org/lincs.smallmolecule:LSM-5317	chemical-disease association	https://semanticscience.org/resource/SIO_001257	CNS	http://purl.obolibrary.org/obo/DOID_863
retinol	https://identifiers.org/lincs.smallmolecule:LSM-5317	chemical-disease association	https://semanticscience.org/resource/SIO_001257	CNS	http://purl.obolibrary.org/obo/DOID_863
busulfan	https://identifiers.org/lincs.smallmolecule:LSM-5388	chemical-disease association	https://semanticscience.org/resource/SIO_001257	Blood	http://purl.obolibrary.org/obo/DOID_74
fluorouracil	https://identifiers.org/lincs.smallmolecule:LSM-4261	chemical-disease association	https://semanticscience.org/resource/SIO_001257	Blood	http://purl.obolibrary.org/obo/DOID_74
oxaprozin	https://identifiers.org/lincs.smallmolecule:LSM-2553	chemical-disease association	https://semanticscience.org/resource/SIO_001257	CV	http://purl.obolibrary.org/obo/DOID_1287
flutamide	https://identifiers.org/lincs.smallmolecule:LSM-2621	chemical-disease association	https://semanticscience.org/resource/SIO_001257	CNS	http://purl.obolibrary.org/obo/DOID_863
CD-437	https://identifiers.org/lincs.smallmolecule:LSM-6237	chemical-disease association	https://semanticscience.org/resource/SIO_001257	CNS	http://purl.obolibrary.org/obo/DOID_863
chlorambucil	https://identifiers.org/lincs.smallmolecule:LSM-2645	chemical-disease association	https://semanticscience.org/resource/SIO_001257	CNS	http://purl.obolibrary.org/obo/DOID_863
clomifene	https://identifiers.org/lincs.smallmolecule:LSM-2072	chemical-disease association	https://semanticscience.org/resource/SIO_001257	CNS	http://purl.obolibrary.org/obo/DOID_863
clomifene	https://identifiers.org/lincs.smallmolecule:LSM-2072	chemical-disease association	https://semanticscience.org/resource/SIO_001257	CNS	http://purl.obolibrary.org/obo/DOID_863
clomifene	https://identifiers.org/lincs.smallmolecule:LSM-2072	chemical-disease association	https://semanticscience.org/resource/SIO_001257	CNS	http://purl.obolibrary.org/obo/DOID_863
primidone	https://identifiers.org/lincs.smallmolecule:LSM-2700	chemical-disease association	https://semanticscience.org/resource/SIO_001257	CNS	http://purl.obolibrary.org/obo/DOID_863
sulfadiazine	https://identifiers.org/lincs.smallmolecule:LSM-5457	chemical-disease association	https://semanticscience.org/resource/SIO_001257	CNS	http://purl.obolibrary.org/obo/DOID_863
acyclovir	https://identifiers.org/lincs.smallmolecule:LSM-5459	chemical-disease association	https://semanticscience.org/resource/SIO_001257	CNS	http://purl.obolibrary.org/obo/DOID_863
cytarabine	https://identifiers.org/lincs.smallmolecule:LSM-5470	chemical-disease association	https://semanticscience.org/resource/SIO_001257	CNS	http://purl.obolibrary.org/obo/DOID_863
levodopa	https://identifiers.org/lincs.smallmolecule:LSM-5481	chemical-disease association	https://semanticscience.org/resource/SIO_001257	CV	http://purl.obolibrary.org/obo/DOID_1287
dacarbazine	https://identifiers.org/lincs.smallmolecule:LSM-5487	chemical-disease association	https://semanticscience.org/resource/SIO_001257	CNS	http://purl.obolibrary.org/obo/DOID_863
yohimbine	https://identifiers.org/lincs.smallmolecule:LSM-2779	chemical-disease association	https://semanticscience.org/resource/SIO_001257	CNS	http://purl.obolibrary.org/obo/DOID_863
cycloheximide	https://identifiers.org/lincs.smallmolecule:LSM-2791	chemical-disease association	https://semanticscience.org/resource/SIO_001257	CNS	http://purl.obolibrary.org/obo/DOID_863
mifepristone	https://identifiers.org/lincs.smallmolecule:LSM-2822	chemical-disease association	https://semanticscience.org/resource/SIO_001257	CNS	http://purl.obolibrary.org/obo/DOID_863
etoposide	https://identifiers.org/lincs.smallmolecule:LSM-6348	chemical-disease association	https://semanticscience.org/resource/SIO_001257	CNS	http://purl.obolibrary.org/obo/DOID_863
etidronic-acid	https://identifiers.org/lincs.smallmolecule:LSM-5508	chemical-disease association	https://semanticscience.org/resource/SIO_001257	Blood	http://purl.obolibrary.org/obo/DOID_74
domperidone	https://identifiers.org/lincs.smallmolecule:LSM-2850	chemical-disease association	https://semanticscience.org/resource/SIO_001257	CV	http://purl.obolibrary.org/obo/DOID_1287
imipramine	https://identifiers.org/lincs.smallmolecule:LSM-2852	chemical-disease association	https://semanticscience.org/resource/SIO_001257	CNS	http://purl.obolibrary.org/obo/DOID_863
valproic-acid	https://identifiers.org/lincs.smallmolecule:LSM-4620	chemical-disease association	https://semanticscience.org/resource/SIO_001257	CNS	http://purl.obolibrary.org/obo/DOID_863
daunorubicin	https://identifiers.org/lincs.smallmolecule:LSM-2962	chemical-disease association	https://semanticscience.org/resource/SIO_001257	CNS	http://purl.obolibrary.org/obo/DOID_863
acetazolamide	https://identifiers.org/lincs.smallmolecule:LSM-5543	chemical-disease association	https://semanticscience.org/resource/SIO_001257	CNS	http://purl.obolibrary.org/obo/DOID_863
dimethadione	https://identifiers.org/lincs.smallmolecule:LSM-5546	chemical-disease association	https://semanticscience.org/resource/SIO_001257	CV	http://purl.obolibrary.org/obo/DOID_1287
genistein	https://identifiers.org/lincs.smallmolecule:LSM-5549	chemical-disease association	https://semanticscience.org/resource/SIO_001257	CNS	http://purl.obolibrary.org/obo/DOID_863
diethylstilbestrol	https://identifiers.org/lincs.smallmolecule:LSM-3001	chemical-disease association	https://semanticscience.org/resource/SIO_001257	CNS	http://purl.obolibrary.org/obo/DOID_863
diethylstilbestrol	https://identifiers.org/lincs.smallmolecule:LSM-3001	chemical-disease association	https://semanticscience.org/resource/SIO_001257	CNS	http://purl.obolibrary.org/obo/DOID_863
diphenhydramine	https://identifiers.org/lincs.smallmolecule:LSM-5581	chemical-disease association	https://semanticscience.org/resource/SIO_001257	CNS	http://purl.obolibrary.org/obo/DOID_863
propylthiouracil	https://identifiers.org/lincs.smallmolecule:LSM-5592	chemical-disease association	https://semanticscience.org/resource/SIO_001257	CNS	http://purl.obolibrary.org/obo/DOID_863
ethinylestradiol	https://identifiers.org/lincs.smallmolecule:LSM-5593	chemical-disease association	https://semanticscience.org/resource/SIO_001257	CNS	http://purl.obolibrary.org/obo/DOID_863
zonisamide	https://identifiers.org/lincs.smallmolecule:LSM-3062	chemical-disease association	https://semanticscience.org/resource/SIO_001257	CV	http://purl.obolibrary.org/obo/DOID_1287
methyldopa	https://identifiers.org/lincs.smallmolecule:LSM-5596	chemical-disease association	https://semanticscience.org/resource/SIO_001257	CNS	http://purl.obolibrary.org/obo/DOID_863
TTNPB	https://identifiers.org/lincs.smallmolecule:LSM-3525	chemical-disease association	https://semanticscience.org/resource/SIO_001257	CNS	http://purl.obolibrary.org/obo/DOID_863
TTNPB	https://identifiers.org/lincs.smallmolecule:LSM-3525	chemical-disease association	https://semanticscience.org/resource/SIO_001257	CNS	http://purl.obolibrary.org/obo/DOID_863
tolfenamic-acid	https://identifiers.org/lincs.smallmolecule:LSM-5612	chemical-disease association	https://semanticscience.org/resource/SIO_001257	CV	http://purl.obolibrary.org/obo/DOID_1287
ethionamide	https://identifiers.org/lincs.smallmolecule:LSM-5620	chemical-disease association	https://semanticscience.org/resource/SIO_001257	CNS	http://purl.obolibrary.org/obo/DOID_863
metronidazole	https://identifiers.org/lincs.smallmolecule:LSM-5628	chemical-disease association	https://semanticscience.org/resource/SIO_001257	CNS	http://purl.obolibrary.org/obo/DOID_863
prostaglandin-e1	https://identifiers.org/lincs.smallmolecule:LSM-3161	chemical-disease association	https://semanticscience.org/resource/SIO_001257	CNS	http://purl.obolibrary.org/obo/DOID_863
prostaglandin-e1	https://identifiers.org/lincs.smallmolecule:LSM-3161	chemical-disease association	https://semanticscience.org/resource/SIO_001257	CNS	http://purl.obolibrary.org/obo/DOID_863
lidocaine	https://identifiers.org/lincs.smallmolecule:LSM-3165	chemical-disease association	https://semanticscience.org/resource/SIO_001257	CNS	http://purl.obolibrary.org/obo/DOID_863
clomipramine	https://identifiers.org/lincs.smallmolecule:LSM-3171	chemical-disease association	https://semanticscience.org/resource/SIO_001257	CNS	http://purl.obolibrary.org/obo/DOID_863
methimazole	https://identifiers.org/lincs.smallmolecule:LSM-5646	chemical-disease association	https://semanticscience.org/resource/SIO_001257	CNS	http://purl.obolibrary.org/obo/DOID_863
phenytoin	https://identifiers.org/lincs.smallmolecule:LSM-5663	chemical-disease association	https://semanticscience.org/resource/SIO_001257	CNS	http://purl.obolibrary.org/obo/DOID_863
calcipotriol	https://identifiers.org/lincs.smallmolecule:LSM-3254	chemical-disease association	https://semanticscience.org/resource/SIO_001257	CV	http://purl.obolibrary.org/obo/DOID_1287
calcipotriol	https://identifiers.org/lincs.smallmolecule:LSM-3254	chemical-disease association	https://semanticscience.org/resource/SIO_001257	CV	http://purl.obolibrary.org/obo/DOID_1287
indometacin	https://identifiers.org/lincs.smallmolecule:LSM-3275	chemical-disease association	https://semanticscience.org/resource/SIO_001257	CNS	http://purl.obolibrary.org/obo/DOID_863
naproxen	https://identifiers.org/lincs.smallmolecule:LSM-5689	chemical-disease association	https://semanticscience.org/resource/SIO_001257	CV	http://purl.obolibrary.org/obo/DOID_1287
methotrexate	https://identifiers.org/lincs.smallmolecule:LSM-5690	chemical-disease association	https://semanticscience.org/resource/SIO_001257	CNS	http://purl.obolibrary.org/obo/DOID_863
quinidine	https://identifiers.org/lincs.smallmolecule:LSM-3325	chemical-disease association	https://semanticscience.org/resource/SIO_001257	CNS	http://purl.obolibrary.org/obo/DOID_863
quinidine	https://identifiers.org/lincs.smallmolecule:LSM-3325	chemical-disease association	https://semanticscience.org/resource/SIO_001257	CNS	http://purl.obolibrary.org/obo/DOID_863
ribavirin	https://identifiers.org/lincs.smallmolecule:LSM-5701	chemical-disease association	https://semanticscience.org/resource/SIO_001257	CNS	http://purl.obolibrary.org/obo/DOID_863
cilostazol	https://identifiers.org/lincs.smallmolecule:LSM-3491	chemical-disease association	https://semanticscience.org/resource/SIO_001257	CV	http://purl.obolibrary.org/obo/DOID_1287
haloperidol	https://identifiers.org/lincs.smallmolecule:LSM-3512	chemical-disease association	https://semanticscience.org/resource/SIO_001257	CNS	http://purl.obolibrary.org/obo/DOID_863
mestinon	https://identifiers.org/lincs.smallmolecule:LSM-5770	chemical-disease association	https://semanticscience.org/resource/SIO_001257	CNS	http://purl.obolibrary.org/obo/DOID_863
carbamazepine	https://identifiers.org/lincs.smallmolecule:LSM-3610	chemical-disease association	https://semanticscience.org/resource/SIO_001257	CNS	http://purl.obolibrary.org/obo/DOID_863
tretinoin	https://identifiers.org/lincs.smallmolecule:LSM-2135	chemical-disease association	https://semanticscience.org/resource/SIO_001257	CNS	http://purl.obolibrary.org/obo/DOID_863
isotretinoin	https://identifiers.org/lincs.smallmolecule:LSM-2135	chemical-disease association	https://semanticscience.org/resource/SIO_001257	CNS	http://purl.obolibrary.org/obo/DOID_863
tretinoin	https://identifiers.org/lincs.smallmolecule:LSM-2135	chemical-disease association	https://semanticscience.org/resource/SIO_001257	CNS	http://purl.obolibrary.org/obo/DOID_863
alitretinoin	https://identifiers.org/lincs.smallmolecule:LSM-2135	chemical-disease association	https://semanticscience.org/resource/SIO_001257	CNS	http://purl.obolibrary.org/obo/DOID_863
vidarabine	https://identifiers.org/lincs.smallmolecule:LSM-5800	chemical-disease association	https://semanticscience.org/resource/SIO_001257	CNS	http://purl.obolibrary.org/obo/DOID_863
zidovudine	https://identifiers.org/lincs.smallmolecule:LSM-5806	chemical-disease association	https://semanticscience.org/resource/SIO_001257	CNS	http://purl.obolibrary.org/obo/DOID_863
clorgiline	https://identifiers.org/lincs.smallmolecule:LSM-5808	chemical-disease association	https://semanticscience.org/resource/SIO_001257	CNS	http://purl.obolibrary.org/obo/DOID_863
corticosterone	https://identifiers.org/lincs.smallmolecule:LSM-5814	chemical-disease association	https://semanticscience.org/resource/SIO_001257	CV	http://purl.obolibrary.org/obo/DOID_1287
idoxuridine	https://identifiers.org/lincs.smallmolecule:LSM-5836	chemical-disease association	https://semanticscience.org/resource/SIO_001257	CNS	http://purl.obolibrary.org/obo/DOID_863
triamcinolone	https://identifiers.org/lincs.smallmolecule:LSM-3736	chemical-disease association	https://semanticscience.org/resource/SIO_001257	Blood	http://purl.obolibrary.org/obo/DOID_74
mebendazole	https://identifiers.org/lincs.smallmolecule:LSM-3749	chemical-disease association	https://semanticscience.org/resource/SIO_001257	CNS	http://purl.obolibrary.org/obo/DOID_863
menadione	https://identifiers.org/lincs.smallmolecule:LSM-3755	chemical-disease association	https://semanticscience.org/resource/SIO_001257	CNS	http://purl.obolibrary.org/obo/DOID_863
lonidamine	https://identifiers.org/lincs.smallmolecule:LSM-6272	chemical-disease association	https://semanticscience.org/resource/SIO_001257	CNS	http://purl.obolibrary.org/obo/DOID_863
leflunomide	https://identifiers.org/lincs.smallmolecule:LSM-3771	chemical-disease association	https://semanticscience.org/resource/SIO_001257	CV	http://purl.obolibrary.org/obo/DOID_1287
albendazole	https://identifiers.org/lincs.smallmolecule:LSM-3782	chemical-disease association	https://semanticscience.org/resource/SIO_001257	CNS	http://purl.obolibrary.org/obo/DOID_863
decitabine	https://identifiers.org/lincs.smallmolecule:LSM-5855	chemical-disease association	https://semanticscience.org/resource/SIO_001257	CNS	http://purl.obolibrary.org/obo/DOID_863
resveratrol	https://identifiers.org/lincs.smallmolecule:LSM-2557	chemical-disease association	https://semanticscience.org/resource/SIO_001257	CNS	http://purl.obolibrary.org/obo/DOID_863
resveratrol	https://identifiers.org/lincs.smallmolecule:LSM-2557	chemical-disease association	https://semanticscience.org/resource/SIO_001257	CNS	http://purl.obolibrary.org/obo/DOID_863
isosorbide	https://identifiers.org/lincs.smallmolecule:LSM-5883	chemical-disease association	https://semanticscience.org/resource/SIO_001257	CV	http://purl.obolibrary.org/obo/DOID_1287
tolmetin	https://identifiers.org/lincs.smallmolecule:LSM-3852	chemical-disease association	https://semanticscience.org/resource/SIO_001257	CV	http://purl.obolibrary.org/obo/DOID_1287
tolbutamide	https://identifiers.org/lincs.smallmolecule:LSM-3907	chemical-disease association	https://semanticscience.org/resource/SIO_001257	CV	http://purl.obolibrary.org/obo/DOID_1287
flubendazole	https://identifiers.org/lincs.smallmolecule:LSM-5916	chemical-disease association	https://semanticscience.org/resource/SIO_001257	CNS	http://purl.obolibrary.org/obo/DOID_863
cortisone	https://identifiers.org/lincs.smallmolecule:LSM-5917	chemical-disease association	https://semanticscience.org/resource/SIO_001257	CNS	http://purl.obolibrary.org/obo/DOID_863
pyrimethamine	https://identifiers.org/lincs.smallmolecule:LSM-3967	chemical-disease association	https://semanticscience.org/resource/SIO_001257	CNS	http://purl.obolibrary.org/obo/DOID_863
chlorpromazine	https://identifiers.org/lincs.smallmolecule:LSM-4017	chemical-disease association	https://semanticscience.org/resource/SIO_001257	CNS	http://purl.obolibrary.org/obo/DOID_863
daunorubicin	https://identifiers.org/lincs.smallmolecule:LSM-5967	chemical-disease association	https://semanticscience.org/resource/SIO_001257	CNS	http://purl.obolibrary.org/obo/DOID_863
doxorubicin	https://identifiers.org/lincs.smallmolecule:LSM-4062	chemical-disease association	https://semanticscience.org/resource/SIO_001257	CV	http://purl.obolibrary.org/obo/DOID_1287
mefenamic-acid	https://identifiers.org/lincs.smallmolecule:LSM-4085	chemical-disease association	https://semanticscience.org/resource/SIO_001257	CV	http://purl.obolibrary.org/obo/DOID_1287
propranolol	https://identifiers.org/lincs.smallmolecule:LSM-5972	chemical-disease association	https://semanticscience.org/resource/SIO_001257	CV	http://purl.obolibrary.org/obo/DOID_1287
lamotrigine	https://identifiers.org/lincs.smallmolecule:LSM-4104	chemical-disease association	https://semanticscience.org/resource/SIO_001257	CNS	http://purl.obolibrary.org/obo/DOID_863
reserpine	https://identifiers.org/lincs.smallmolecule:LSM-4162	chemical-disease association	https://semanticscience.org/resource/SIO_001257	CNS	http://purl.obolibrary.org/obo/DOID_863
nifedipine	https://identifiers.org/lincs.smallmolecule:LSM-4176	chemical-disease association	https://semanticscience.org/resource/SIO_001257	CV	http://purl.obolibrary.org/obo/DOID_1287
quercetin	https://identifiers.org/lincs.smallmolecule:LSM-4199	chemical-disease association	https://semanticscience.org/resource/SIO_001257	Blood	http://purl.obolibrary.org/obo/DOID_74
beclometasone	https://identifiers.org/lincs.smallmolecule:LSM-4209	chemical-disease association	https://semanticscience.org/resource/SIO_001257	CNS	http://purl.obolibrary.org/obo/DOID_863
quinidine	https://identifiers.org/lincs.smallmolecule:LSM-6020	chemical-disease association	https://semanticscience.org/resource/SIO_001257	CNS	http://purl.obolibrary.org/obo/DOID_863
hexachlorophene	https://identifiers.org/lincs.smallmolecule:LSM-6032	chemical-disease association	https://semanticscience.org/resource/SIO_001257	CNS	http://purl.obolibrary.org/obo/DOID_863
etoposide	https://identifiers.org/lincs.smallmolecule:LSM-5572	chemical-disease association	https://semanticscience.org/resource/SIO_001257	CNS	http://purl.obolibrary.org/obo/DOID_863
azacitidine	https://identifiers.org/lincs.smallmolecule:LSM-4967	chemical-disease association	https://semanticscience.org/resource/SIO_001257	CNS	http://purl.obolibrary.org/obo/DOID_863
ephedrine	https://identifiers.org/lincs.smallmolecule:LSM-1961	chemical-disease association	https://semanticscience.org/resource/SIO_001257	CV	http://purl.obolibrary.org/obo/DOID_1287
triamcinolone	https://identifiers.org/lincs.smallmolecule:LSM-5391	chemical-disease association	https://semanticscience.org/resource/SIO_001257	Blood	http://purl.obolibrary.org/obo/DOID_74
triamcinolone	https://identifiers.org/lincs.smallmolecule:LSM-5641	chemical-disease association	https://semanticscience.org/resource/SIO_001257	CNS	http://purl.obolibrary.org/obo/DOID_863
dexamethasone	https://identifiers.org/lincs.smallmolecule:LSM-4412	chemical-disease association	https://semanticscience.org/resource/SIO_001257	CNS	http://purl.obolibrary.org/obo/DOID_863
dexamethasone	https://identifiers.org/lincs.smallmolecule:LSM-4466	chemical-disease association	https://semanticscience.org/resource/SIO_001257	CNS	http://purl.obolibrary.org/obo/DOID_863
dexamethasone	https://identifiers.org/lincs.smallmolecule:LSM-5202	chemical-disease association	https://semanticscience.org/resource/SIO_001257	CNS	http://purl.obolibrary.org/obo/DOID_863
dexamethasone	https://identifiers.org/lincs.smallmolecule:LSM-5512	chemical-disease association	https://semanticscience.org/resource/SIO_001257	CNS	http://purl.obolibrary.org/obo/DOID_863
estradiol-benzoate	https://identifiers.org/lincs.smallmolecule:LSM-1488	chemical-disease association	https://semanticscience.org/resource/SIO_001257	CNS	http://purl.obolibrary.org/obo/DOID_863
daunorubicin	https://identifiers.org/lincs.smallmolecule:LSM-4891	chemical-disease association	https://semanticscience.org/resource/SIO_001257	CNS	http://purl.obolibrary.org/obo/DOID_863
cyclosporin-a	https://identifiers.org/lincs.smallmolecule:LSM-2280	chemical-disease association	https://semanticscience.org/resource/SIO_001257	CV	http://purl.obolibrary.org/obo/DOID_1287
cyclosporin-a	https://identifiers.org/lincs.smallmolecule:LSM-2280	chemical-disease association	https://semanticscience.org/resource/SIO_001257	CV	http://purl.obolibrary.org/obo/DOID_1287
cyproterone	https://identifiers.org/lincs.smallmolecule:LSM-1519	chemical-disease association	https://semanticscience.org/resource/SIO_001257	CV	http://purl.obolibrary.org/obo/DOID_1287
cyproterone	https://identifiers.org/lincs.smallmolecule:LSM-5071	chemical-disease association	https://semanticscience.org/resource/SIO_001257	CV	http://purl.obolibrary.org/obo/DOID_1287
mifepristone	https://identifiers.org/lincs.smallmolecule:LSM-1569	chemical-disease association	https://semanticscience.org/resource/SIO_001257	CNS	http://purl.obolibrary.org/obo/DOID_863
mifepristone	https://identifiers.org/lincs.smallmolecule:LSM-5552	chemical-disease association	https://semanticscience.org/resource/SIO_001257	CNS	http://purl.obolibrary.org/obo/DOID_863
misoprostol	https://identifiers.org/lincs.smallmolecule:LSM-5066	chemical-disease association	https://semanticscience.org/resource/SIO_001257	CNS	http://purl.obolibrary.org/obo/DOID_863
chloramphenicol	https://identifiers.org/lincs.smallmolecule:LSM-5069	chemical-disease association	https://semanticscience.org/resource/SIO_001257	CNS	http://purl.obolibrary.org/obo/DOID_863
yohimbine	https://identifiers.org/lincs.smallmolecule:LSM-1614	chemical-disease association	https://semanticscience.org/resource/SIO_001257	CNS	http://purl.obolibrary.org/obo/DOID_863
yohimbine	https://identifiers.org/lincs.smallmolecule:LSM-6031	chemical-disease association	https://semanticscience.org/resource/SIO_001257	CNS	http://purl.obolibrary.org/obo/DOID_863
cycloheximide	https://identifiers.org/lincs.smallmolecule:LSM-1687	chemical-disease association	https://semanticscience.org/resource/SIO_001257	CNS	http://purl.obolibrary.org/obo/DOID_863
quinidine	https://identifiers.org/lincs.smallmolecule:LSM-5109	chemical-disease association	https://semanticscience.org/resource/SIO_001257	CNS	http://purl.obolibrary.org/obo/DOID_863
isoxsuprine	https://identifiers.org/lincs.smallmolecule:LSM-1778	chemical-disease association	https://semanticscience.org/resource/SIO_001257	CV	http://purl.obolibrary.org/obo/DOID_1287
digoxin	https://identifiers.org/lincs.smallmolecule:LSM-5141	chemical-disease association	https://semanticscience.org/resource/SIO_001257	Blood	http://purl.obolibrary.org/obo/DOID_74
digoxin	https://identifiers.org/lincs.smallmolecule:LSM-2511	chemical-disease association	https://semanticscience.org/resource/SIO_001257	Blood	http://purl.obolibrary.org/obo/DOID_74
digoxin	https://identifiers.org/lincs.smallmolecule:LSM-5523	chemical-disease association	https://semanticscience.org/resource/SIO_001257	Blood	http://purl.obolibrary.org/obo/DOID_74
vincristine	https://identifiers.org/lincs.smallmolecule:LSM-5877	chemical-disease association	https://semanticscience.org/resource/SIO_001257	CNS	http://purl.obolibrary.org/obo/DOID_863
doxorubicin	https://identifiers.org/lincs.smallmolecule:LSM-1799	chemical-disease association	https://semanticscience.org/resource/SIO_001257	CV	http://purl.obolibrary.org/obo/DOID_1287
floxuridine	https://identifiers.org/lincs.smallmolecule:LSM-5157	chemical-disease association	https://semanticscience.org/resource/SIO_001257	CNS	http://purl.obolibrary.org/obo/DOID_863
floxuridine	https://identifiers.org/lincs.smallmolecule:LSM-5588	chemical-disease association	https://semanticscience.org/resource/SIO_001257	CNS	http://purl.obolibrary.org/obo/DOID_863
naproxen	https://identifiers.org/lincs.smallmolecule:LSM-1880	chemical-disease association	https://semanticscience.org/resource/SIO_001257	CV	http://purl.obolibrary.org/obo/DOID_1287
naproxen	https://identifiers.org/lincs.smallmolecule:LSM-5472	chemical-disease association	https://semanticscience.org/resource/SIO_001257	CV	http://purl.obolibrary.org/obo/DOID_1287
ribavirin	https://identifiers.org/lincs.smallmolecule:LSM-5189	chemical-disease association	https://semanticscience.org/resource/SIO_001257	CNS	http://purl.obolibrary.org/obo/DOID_863
lithocholic-acid	https://identifiers.org/lincs.smallmolecule:LSM-5371	chemical-disease association	https://semanticscience.org/resource/SIO_001257	CNS	http://purl.obolibrary.org/obo/DOID_863
isoprenaline	https://identifiers.org/lincs.smallmolecule:LSM-5393	chemical-disease association	https://semanticscience.org/resource/SIO_001257	CNS	http://purl.obolibrary.org/obo/DOID_863
warfarin	https://identifiers.org/lincs.smallmolecule:LSM-5404	chemical-disease association	https://semanticscience.org/resource/SIO_001257	Blood	http://purl.obolibrary.org/obo/DOID_74
cytochalasin-b	https://identifiers.org/lincs.smallmolecule:LSM-6235	chemical-disease association	https://semanticscience.org/resource/SIO_001257	CNS	http://purl.obolibrary.org/obo/DOID_863
corticosterone	https://identifiers.org/lincs.smallmolecule:LSM-5436	chemical-disease association	https://semanticscience.org/resource/SIO_001257	CV	http://purl.obolibrary.org/obo/DOID_1287
exemestane	https://identifiers.org/lincs.smallmolecule:LSM-5474	chemical-disease association	https://semanticscience.org/resource/SIO_001257	CNS	http://purl.obolibrary.org/obo/DOID_863
exemestane	https://identifiers.org/lincs.smallmolecule:LSM-5984	chemical-disease association	https://semanticscience.org/resource/SIO_001257	CNS	http://purl.obolibrary.org/obo/DOID_863
etretinate	https://identifiers.org/lincs.smallmolecule:LSM-5491	chemical-disease association	https://semanticscience.org/resource/SIO_001257	CV	http://purl.obolibrary.org/obo/DOID_1287
betamethasone	https://identifiers.org/lincs.smallmolecule:LSM-2864	chemical-disease association	https://semanticscience.org/resource/SIO_001257	CNS	http://purl.obolibrary.org/obo/DOID_863
cortisone	https://identifiers.org/lincs.smallmolecule:LSM-2965	chemical-disease association	https://semanticscience.org/resource/SIO_001257	CV	http://purl.obolibrary.org/obo/DOID_1287
cortisone	https://identifiers.org/lincs.smallmolecule:LSM-5860	chemical-disease association	https://semanticscience.org/resource/SIO_001257	CV	http://purl.obolibrary.org/obo/DOID_1287
reserpine	https://identifiers.org/lincs.smallmolecule:LSM-5557	chemical-disease association	https://semanticscience.org/resource/SIO_001257	CNS	http://purl.obolibrary.org/obo/DOID_863
progesterone	https://identifiers.org/lincs.smallmolecule:LSM-5580	chemical-disease association	https://semanticscience.org/resource/SIO_001257	CNS	http://purl.obolibrary.org/obo/DOID_863
progesterone	https://identifiers.org/lincs.smallmolecule:LSM-3452	chemical-disease association	https://semanticscience.org/resource/SIO_001257	CNS	http://purl.obolibrary.org/obo/DOID_863
ritodrine	https://identifiers.org/lincs.smallmolecule:LSM-3138	chemical-disease association	https://semanticscience.org/resource/SIO_001257	CV	http://purl.obolibrary.org/obo/DOID_1287
mometasone	https://identifiers.org/lincs.smallmolecule:LSM-3349	chemical-disease association	https://semanticscience.org/resource/SIO_001257	CV	http://purl.obolibrary.org/obo/DOID_1287
mometasone	https://identifiers.org/lincs.smallmolecule:LSM-5968	chemical-disease association	https://semanticscience.org/resource/SIO_001257	CV	http://purl.obolibrary.org/obo/DOID_1287
prednisolone	https://identifiers.org/lincs.smallmolecule:LSM-5778	chemical-disease association	https://semanticscience.org/resource/SIO_001257	CNS	http://purl.obolibrary.org/obo/DOID_863
lynestrenol	https://identifiers.org/lincs.smallmolecule:LSM-5854	chemical-disease association	https://semanticscience.org/resource/SIO_001257	CNS	http://purl.obolibrary.org/obo/DOID_863
selegiline	https://identifiers.org/lincs.smallmolecule:LSM-5920	chemical-disease association	https://semanticscience.org/resource/SIO_001257	CNS	http://purl.obolibrary.org/obo/DOID_863
cyclopamine	https://identifiers.org/lincs.smallmolecule:LSM-4304	chemical-disease association	https://semanticscience.org/resource/SIO_001257	CNS	http://purl.obolibrary.org/obo/DOID_863
heliotrine	https://identifiers.org/lincs.smallmolecule:LSM-1289	chemical-disease association	https://semanticscience.org/resource/SIO_001257	CNS	http://purl.obolibrary.org/obo/DOID_863
alpha-estradiol	https://identifiers.org/lincs.smallmolecule:LSM-6474	chemical-disease association	https://semanticscience.org/resource/SIO_001257	CNS	http://purl.obolibrary.org/obo/DOID_863
fumonisin-b1	https://identifiers.org/lincs.smallmolecule:LSM-6190	chemical-disease association	https://semanticscience.org/resource/SIO_001257	CNS	http://purl.obolibrary.org/obo/DOID_863
mepireserpate	https://identifiers.org/lincs.smallmolecule:LSM-1758	chemical-disease association	https://semanticscience.org/resource/SIO_001257	CNS	http://purl.obolibrary.org/obo/DOID_863
corynanthine	https://identifiers.org/lincs.smallmolecule:LSM-2124	chemical-disease association	https://semanticscience.org/resource/SIO_001257	CNS	http://purl.obolibrary.org/obo/DOID_863
benzo(a)pyrene	https://identifiers.org/lincs.smallmolecule:LSM-2198	chemical-disease association	https://semanticscience.org/resource/SIO_001257	CNS	http://purl.obolibrary.org/obo/DOID_863
dichloroacetic-acid	https://identifiers.org/lincs.smallmolecule:LSM-5314	chemical-disease association	https://semanticscience.org/resource/SIO_001257	CV	http://purl.obolibrary.org/obo/DOID_1287
diflorasone	https://identifiers.org/lincs.smallmolecule:LSM-5347	chemical-disease association	https://semanticscience.org/resource/SIO_001257	CV	http://purl.obolibrary.org/obo/DOID_1287
diflorasone	https://identifiers.org/lincs.smallmolecule:LSM-2380	chemical-disease association	https://semanticscience.org/resource/SIO_001257	CV	http://purl.obolibrary.org/obo/DOID_1287
androstenedione	https://identifiers.org/lincs.smallmolecule:LSM-5464	chemical-disease association	https://semanticscience.org/resource/SIO_001257	CNS	http://purl.obolibrary.org/obo/DOID_863
isoreserpine	https://identifiers.org/lincs.smallmolecule:LSM-2816	chemical-disease association	https://semanticscience.org/resource/SIO_001257	CNS	http://purl.obolibrary.org/obo/DOID_863
levisoprenaline	https://identifiers.org/lincs.smallmolecule:LSM-5503	chemical-disease association	https://semanticscience.org/resource/SIO_001257	CNS	http://purl.obolibrary.org/obo/DOID_863
ochratoxin-a	https://identifiers.org/lincs.smallmolecule:LSM-5521	chemical-disease association	https://semanticscience.org/resource/SIO_001257	CNS	http://purl.obolibrary.org/obo/DOID_863
dexketoprofen	https://identifiers.org/lincs.smallmolecule:LSM-5547	chemical-disease association	https://semanticscience.org/resource/SIO_001257	CV	http://purl.obolibrary.org/obo/DOID_1287
cortisol	https://identifiers.org/lincs.smallmolecule:LSM-5640	chemical-disease association	https://semanticscience.org/resource/SIO_001257	CNS	http://purl.obolibrary.org/obo/DOID_863
cyclopamine	https://identifiers.org/lincs.smallmolecule:LSM-3304	chemical-disease association	https://semanticscience.org/resource/SIO_001257	CNS	http://purl.obolibrary.org/obo/DOID_863
solanine	https://identifiers.org/lincs.smallmolecule:LSM-3583	chemical-disease association	https://semanticscience.org/resource/SIO_001257	CNS	http://purl.obolibrary.org/obo/DOID_863
beclometasone	https://identifiers.org/lincs.smallmolecule:LSM-5838	chemical-disease association	https://semanticscience.org/resource/SIO_001257	CNS	http://purl.obolibrary.org/obo/DOID_863
pseudoephedrine	https://identifiers.org/lincs.smallmolecule:LSM-3885	chemical-disease association	https://semanticscience.org/resource/SIO_001257	CV	http://purl.obolibrary.org/obo/DOID_1287
chlordiazepoxide	https://identifiers.org/lincs.smallmolecule:LSM-5922	chemical-disease association	https://semanticscience.org/resource/SIO_001257	CNS	http://purl.obolibrary.org/obo/DOID_863
ethinylestradiol	https://identifiers.org/lincs.smallmolecule:LSM-5945	chemical-disease association	https://semanticscience.org/resource/SIO_001257	CNS	http://purl.obolibrary.org/obo/DOID_863
chlormadinone	https://identifiers.org/lincs.smallmolecule:LSM-5954	chemical-disease association	https://semanticscience.org/resource/SIO_001257	CNS	http://purl.obolibrary.org/obo/DOID_863
depomedrol	https://identifiers.org/lincs.smallmolecule:LSM-5985	chemical-disease association	https://semanticscience.org/resource/SIO_001257	CNS	http://purl.obolibrary.org/obo/DOID_863
