name	smiles	target_name	target_class	accession	gene	swissprot	act_value	act_type	tdl
"(S)-nitrendipine"	"CCOC(=O)C1=C(C)NC(C)=C([C@@H]1C1=CC(=CC=C1)[N+]([O-])=O)C(=O)OC"	"Voltage-dependent L-type calcium channel subunit alpha-1D"	"Ion channel"	"Q01668"	"CACNA1D"	"CAC1D_HUMAN"	8.4	"IC50"	"Tclin"
"acalabrutinib"	"CC#CC(=O)N1CCC[C@H]1C1=NC(=C2N1C=CN=C2N)C1=CC=C(C=C1)C(=O)NC1=CC=CC=N1"	"Tyrosine-protein kinase BTK"	"Kinase"	"Q06187"	"BTK"	"BTK_HUMAN"	8.29243	"IC50"	"Tclin"
"acetoxolone"	"CC(=O)O[C@H]1CC[C@@]2(C)[C@@H](CC[C@]3(C)[C@@H]2C(=O)C=C2[C@@H]4C[C@](C)(CC[C@]4(C)CC[C@@]32C)C(O)=O)C1(C)C"	"Corticosteroid 11-beta-dehydrogenase isozyme 2"	"Enzyme"	"P80365"	"HSD11B2"	"DHI2_HUMAN"	6.7	"IC50"	"Tchem"
"acetylcholine"	"CC(=O)OCC[N+](C)(C)C"	"Muscarinic acetylcholine receptor M3"	"GPCR"	"P20309"	"CHRM3"	"ACM3_HUMAN"	6.66	"EC50"	"Tclin"
"aclidinium bromide"	"OC(C(=O)O[C@H]1C[N+]2(CCCOC3=CC=CC=C3)CCC1CC2)(C1=CC=CS1)C1=CC=CS1"	"Muscarinic acetylcholine receptor M3"	"GPCR"	"P20309"	"CHRM3"	"ACM3_HUMAN"	10.15	"Ki"	"Tclin"
"adapalene"	"COC1=CC=C(C=C1C12CC3CC(CC(C3)C1)C2)C1=CC=C2C=C(C=CC2=C1)C(O)=O"	"Retinoic acid receptor beta"	"Nuclear hormone receptor"	"P10826"	"RARB"	"RARB_HUMAN"	7.47	"Ki"	"Tclin"
"adenosine"	"NC1=C2N=CN([C@@H]3O[C@H](CO)[C@@H](O)[C@H]3O)C2=NC=N1"	"Adenosine receptor A2a"	"GPCR"	"P29274"	"ADORA2A"	"AA2AR_HUMAN"	6.1549	"EC50"	"Tclin"
"afatinib"	"CN(C)C\C=C\C(=O)NC1=CC2=C(C=C1O[C@H]1CCOC1)N=CN=C2NC1=CC(Cl)=C(F)C=C1"	"Dual specificity tyrosine-phosphorylation-regulated kinase 1A"	"Kinase"	"Q13627"	"DYRK1A"	"DYR1A_HUMAN"	6.01	"Kd"	"Tchem"
"afatinib"	"CN(C)C\C=C\C(=O)NC1=CC2=C(C=C1O[C@H]1CCOC1)N=CN=C2NC1=CC(Cl)=C(F)C=C1"	"Epidermal growth factor receptor"	"Kinase"	"P00533"	"EGFR"	"EGFR_HUMAN"	10.0	"Kd"	"Tclin"
"afatinib"	"CN(C)C\C=C\C(=O)NC1=CC2=C(C=C1O[C@H]1CCOC1)N=CN=C2NC1=CC(Cl)=C(F)C=C1"	"Interleukin-1 receptor-associated kinase 1"	"Kinase"	"P51617"	"IRAK1"	"IRAK1_HUMAN"	6.62	"Kd"	"Tchem"
"afatinib"	"CN(C)C\C=C\C(=O)NC1=CC2=C(C=C1O[C@H]1CCOC1)N=CN=C2NC1=CC(Cl)=C(F)C=C1"	"Phosphorylase b kinase gamma catalytic chain, liver/testis isoform"	"Kinase"	"P15735"	"PHKG2"	"PHKG2_HUMAN"	6.33	"Kd"	"Tchem"
"afatinib"	"CN(C)C\C=C\C(=O)NC1=CC2=C(C=C1O[C@H]1CCOC1)N=CN=C2NC1=CC(Cl)=C(F)C=C1"	"Tyrosine-protein kinase ABL1"	"Kinase"	"P00519"	"ABL1"	"ABL1_HUMAN"	6.64	"Kd"	"Tclin"
"alirocumab"	(null)	"Proprotein convertase subtilisin/kexin type 9"	"Enzyme"	"Q8NBP7"	"PCSK9"	"PCSK9_HUMAN"	9.42	"Kd"	"Tclin"
"alitretinoin"	"C\C(\C=C\C1=C(C)CCCC1(C)C)=C\C=C\C(\C)=C\C(O)=O"	"Retinoic acid receptor beta"	"Nuclear hormone receptor"	"P10826"	"RARB"	"RARB_HUMAN"	7.3	"EC50"	"Tclin"
"alpelisib"	"CC1=C(SC(NC(=O)N2CCC[C@H]2C(N)=O)=N1)C1=CC(=NC=C1)C(C)(C)C(F)(F)F"	"Phosphatidylinositol 4,5-bisphosphate 3-kinase catalytic subunit alpha isoform"	"Kinase"	"P42336"	"PIK3CA"	"PK3CA_HUMAN"	8.3372	"IC50"	"Tclin"
"ambrisentan"	"COC([C@H](OC1=NC(C)=CC(C)=N1)C(O)=O)(C1=CC=CC=C1)C1=CC=CC=C1"	"Endothelin-1 receptor"	"GPCR"	"P25101"	"EDNRA"	"EDNRA_HUMAN"	9.65	"Ki"	"Tclin"
"amiodarone"	"CCCCC1=C(C(=O)C2=CC(I)=C(OCCN(CC)CC)C(I)=C2)C2=C(O1)C=CC=C2"	"3-beta-hydroxysteroid-Delta(8),Delta(7)-isomerase"	"Enzyme"	"Q15125"	"EBP"	"EBP_HUMAN"	7.6	"Ki"	"Tchem"
"amiodarone"	"CCCCC1=C(C(=O)C2=CC(I)=C(OCCN(CC)CC)C(I)=C2)C2=C(O1)C=CC=C2"	"Muscarinic acetylcholine receptor M3"	"GPCR"	"P20309"	"CHRM3"	"ACM3_HUMAN"	6.168130226	"Ki"	"Tclin"
"amiodarone"	"CCCCC1=C(C(=O)C2=CC(I)=C(OCCN(CC)CC)C(I)=C2)C2=C(O1)C=CC=C2"	"Sodium channel protein type 5 subunit alpha"	"Ion channel"	"Q14524"	"SCN5A"	"SCN5A_HUMAN"	7.1	"IC50"	"Tclin"
"amitriptyline"	"CN(C)CCC=C1C2=CC=CC=C2CCC2=C1C=CC=C2"	"Muscarinic acetylcholine receptor M3"	"GPCR"	"P20309"	"CHRM3"	"ACM3_HUMAN"	7.89	"Ki"	"Tclin"
"amlodipine"	"CCOC(=O)C1=C(COCCN)NC(C)=C(C1C1=C(Cl)C=CC=C1)C(=O)OC"	"Voltage-dependent L-type calcium channel subunit alpha-1D"	"Ion channel"	"Q01668"	"CACNA1D"	"CAC1D_HUMAN"	7.0	"Ki"	"Tclin"
"amoxapine"	"ClC1=CC=C2OC3=C(C=CC=C3)N=C(N3CCNCC3)C2=C1"	"Muscarinic acetylcholine receptor M3"	"GPCR"	"P20309"	"CHRM3"	"ACM3_HUMAN"	6.4225082	"Ki"	"Tclin"
"apatinib"	"O=C(NC1=CC=C(C=C1)C1(CCCC1)C#N)C1=CC=CN=C1NCC1=CC=NC=C1"	"Vascular endothelial growth factor receptor 2"	"Kinase"	"P35968"	"KDR"	"VGFR2_HUMAN"	9.0	"IC50"	"Tclin"
"astemizole"	"COC1=CC=C(CCN2CCC(CC2)NC2=NC3=C(C=CC=C3)N2CC2=CC=C(F)C=C2)C=C1"	"Muscarinic acetylcholine receptor M3"	"GPCR"	"P20309"	"CHRM3"	"ACM3_HUMAN"	6.749579998	"Ki"	"Tclin"
"astemizole"	"COC1=CC=C(CCN2CCC(CC2)NC2=NC3=C(C=CC=C3)N2CC2=CC=C(F)C=C2)C=C1"	"Potassium voltage-gated channel subfamily H member 1"	"Ion channel"	"O95259"	"KCNH1"	"KCNH1_HUMAN"	6.7	"IC50"	"Tclin"
"atropine"	"CN1[C@H]2CC[C@@H]1C[C@@H](C2)OC(=O)C(CO)C1=CC=CC=C1"	"Muscarinic acetylcholine receptor M3"	"GPCR"	"P20309"	"CHRM3"	"ACM3_HUMAN"	9.5	"Ki"	"Tclin"
"avapritinib"	"CN1C=C(C=N1)C1=CN2N=CN=C(N3CCN(CC3)C3=NC=C(C=N3)[C@@](C)(N)C3=CC=C(F)C=C3)C2=C1"	"Platelet-derived growth factor receptor alpha"	"Kinase"	"P16234"	"PDGFRA"	"PGFRA_HUMAN"	9.62	"IC50"	"Tclin"
"avatrombopag"	"OC(=O)C1CCN(CC1)C1=NC=C(C=C1Cl)C(=O)NC1=NC(C2=CC(Cl)=CS2)=C(S1)N1CCN(CC1)C1CCCCC1"	"Thrombopoietin receptor"	"Membrane receptor"	"P40238"	"MPL"	"TPOR_HUMAN"	8.481486	"EC50"	"Tclin"
"axitinib"	"CNC(=O)C1=C(SC2=CC=C3C(NN=C3\C=C\C3=CC=CC=N3)=C2)C=CC=C1"	"Fibroblast growth factor receptor 1"	"Kinase"	"P11362"	"FGFR1"	"FGFR1_HUMAN"	6.42	"Kd"	"Tclin"
"axitinib"	"CNC(=O)C1=C(SC2=CC=C3C(NN=C3\C=C\C3=CC=CC=N3)=C2)C=CC=C1"	"Fibroblast growth factor receptor 2"	"Kinase"	"P21802"	"FGFR2"	"FGFR2_HUMAN"	6.96	"Kd"	"Tclin"
"axitinib"	"CNC(=O)C1=C(SC2=CC=C3C(NN=C3\C=C\C3=CC=CC=N3)=C2)C=CC=C1"	"Fibroblast growth factor receptor 3"	"Kinase"	"P22607"	"FGFR3"	"FGFR3_HUMAN"	6.68	"Kd"	"Tclin"
"axitinib"	"CNC(=O)C1=C(SC2=CC=C3C(NN=C3\C=C\C3=CC=CC=N3)=C2)C=CC=C1"	"Platelet-derived growth factor receptor alpha"	"Kinase"	"P16234"	"PDGFRA"	"PGFRA_HUMAN"	9.29	"Kd"	"Tclin"
"axitinib"	"CNC(=O)C1=C(SC2=CC=C3C(NN=C3\C=C\C3=CC=CC=N3)=C2)C=CC=C1"	"Tyrosine-protein kinase ABL1"	"Kinase"	"P00519"	"ABL1"	"ABL1_HUMAN"	8.82	"Kd"	"Tclin"
"axitinib"	"CNC(=O)C1=C(SC2=CC=C3C(NN=C3\C=C\C3=CC=CC=N3)=C2)C=CC=C1"	"Vascular endothelial growth factor receptor 2"	"Kinase"	"P35968"	"KDR"	"VGFR2_HUMAN"	8.23	"Kd"	"Tclin"
"axitinib"	"CNC(=O)C1=C(SC2=CC=C3C(NN=C3\C=C\C3=CC=CC=N3)=C2)C=CC=C1"	"Vascular endothelial growth factor receptor 3"	"Kinase"	"P35916"	"FLT4"	"VGFR3_HUMAN"	6.77	"Kd"	"Tclin"
"belinostat"	"ONC(=O)C=CC1=CC(=CC=C1)S(=O)(=O)NC1=CC=CC=C1"	"Histone deacetylase 4"	"Enzyme"	"P56524"	"HDAC4"	"HDAC4_HUMAN"	7.568636417388916	"IC50"	"Tclin"
"belinostat"	"ONC(=O)C=CC1=CC(=CC=C1)S(=O)(=O)NC1=CC=CC=C1"	"Histone deacetylase 8"	"Enzyme"	"Q9BY41"	"HDAC8"	"HDAC8_HUMAN"	7.66	"Ki"	"Tclin"
"bendamustine"	"CN1C(CCCC(O)=O)=NC2=CC(=CC=C12)N(CCCl)CCCl"	"Histone deacetylase 8"	"Enzyme"	"Q9BY41"	"HDAC8"	"HDAC8_HUMAN"	6.97	"IC50"	"Tclin"
"bendroflumethiazide"	"NS(=O)(=O)C1=CC2=C(NC(CC3=CC=CC=C3)NS2(=O)=O)C=C1C(F)(F)F"	"Solute carrier family 12 member 3"	"Transporter"	"P55017"	"SLC12A3"	"S12A3_HUMAN"	8.3	"A2"	"Tclin"
"benzatropine"	"CN1[C@H]2CC[C@@H]1C[C@@H](C2)OC(C1=CC=CC=C1)C1=CC=CC=C1"	"Muscarinic acetylcholine receptor M3"	"GPCR"	"P20309"	"CHRM3"	"ACM3_HUMAN"	8.9586	"Ki"	"Tclin"
"benzethonium"	"CC(C)(C)CC(C)(C)C1=CC=C(OCCOCC[N+](C)(C)CC2=CC=CC=C2)C=C1"	"Muscarinic acetylcholine receptor M3"	"GPCR"	"P20309"	"CHRM3"	"ACM3_HUMAN"	7.091514981	"Ki"	"Tclin"
"benzthiazide"	"NS(=O)(=O)C1=CC2=C(C=C1Cl)N=C(CSCC1=CC=CC=C1)NS2(=O)=O"	"Solute carrier family 12 member 3"	"Transporter"	"P55017"	"SLC12A3"	"S12A3_HUMAN"	8.17	"A2"	"Tclin"
"bepridil"	"CC(C)COCC(CN(CC1=CC=CC=C1)C1=CC=CC=C1)N1CCCC1"	"Voltage-dependent P/Q-type calcium channel subunit alpha-1A"	"Ion channel"	"O00555"	"CACNA1A"	"CAC1A_HUMAN"	6.6	"Ki"	"Tchem"
"bexarotene"	"CC1=C(C=C2C(=C1)C(C)(C)CCC2(C)C)C(=C)C1=CC=C(C=C1)C(O)=O"	"Retinoic acid receptor beta"	"Nuclear hormone receptor"	"P10826"	"RARB"	"RARB_HUMAN"	7.3	"Ki"	"Tclin"
"bietamiverine"	"CCN(CC)CCOC(=O)C(N1CCCCC1)C1=CC=CC=C1"	"Muscarinic acetylcholine receptor M3"	"GPCR"	"P20309"	"CHRM3"	"ACM3_HUMAN"	6.73	"Ki"	"Tclin"
"binimetinib"	"CN1C=NC2=C(F)C(NC3=CC=C(Br)C=C3F)=C(C=C12)C(=O)NOCCO"	"Dual specificity mitogen-activated protein kinase kinase 1"	"Kinase"	"Q02750"	"MAP2K1"	"MP2K1_HUMAN"	7.9	"IC50"	"Tclin"
"binimetinib"	"CN1C=NC2=C(F)C(NC3=CC=C(Br)C=C3F)=C(C=C12)C(=O)NOCCO"	"Dual specificity mitogen-activated protein kinase kinase 2"	"Kinase"	"P36507"	"MAP2K2"	"MP2K2_HUMAN"	7.9	"IC50"	"Tclin"
"biperiden"	"OC(CCN1CCCCC1)(C1CC2CC1C=C2)C1=CC=CC=C1"	"Muscarinic acetylcholine receptor M3"	"GPCR"	"P20309"	"CHRM3"	"ACM3_HUMAN"	8.41	"Kd"	"Tclin"
"bithionol"	"OC1=C(SC2=C(O)C(Cl)=CC(Cl)=C2)C=C(Cl)C=C1Cl"	"Adenosine receptor A2a"	"GPCR"	"P29274"	"ADORA2A"	"AA2AR_HUMAN"	6.1837587	"Ki"	"Tclin"
"bithionol"	"OC1=C(SC2=C(O)C(Cl)=CC(Cl)=C2)C=C(Cl)C=C1Cl"	"Epidermal growth factor receptor"	"Kinase"	"P00533"	"EGFR"	"EGFR_HUMAN"	6.211831629	"IC50"	"Tclin"
"bithionol"	"OC1=C(SC2=C(O)C(Cl)=CC(Cl)=C2)C=C(Cl)C=C1Cl"	"Mitogen-activated protein kinase 1"	"Kinase"	"P28482"	"MAPK1"	"MK01_HUMAN"	6.41453927	"IC50"	"Tchem"
"bortezomib"	"CC(C)C[C@H](NC(=O)[C@H](CC1=CC=CC=C1)NC(=O)C1=CN=CC=N1)B(O)O"	"Proteasome subunit beta type-8"	"Enzyme"	"P28062"	"PSMB8"	"PSB8_HUMAN"	8.09	"IC50"	"Tclin"
"bosentan"	"COC1=C(OC2=C(OCCO)N=C(N=C2NS(=O)(=O)C2=CC=C(C=C2)C(C)(C)C)C2=NC=CC=N2)C=CC=C1"	"Endothelin-1 receptor"	"GPCR"	"P25101"	"EDNRA"	"EDNRA_HUMAN"	8.19	"Ki"	"Tclin"
"bosutinib"	"COC1=CC2=C(C=C1OCCCN1CCN(C)CC1)N=CC(C#N)=C2NC1=CC(OC)=C(Cl)C=C1Cl"	"Bone morphogenetic protein receptor type-2"	"Kinase"	"Q13873"	"BMPR2"	"BMPR2_HUMAN"	6.24	"Kd"	"Tchem"
"bosutinib"	"COC1=CC2=C(C=C1OCCCN1CCN(C)CC1)N=CC(C#N)=C2NC1=CC(OC)=C(Cl)C=C1Cl"	"Dual specificity mitogen-activated protein kinase kinase 1"	"Kinase"	"Q02750"	"MAP2K1"	"MP2K1_HUMAN"	7.72	"Kd"	"Tclin"
"bosutinib"	"COC1=CC2=C(C=C1OCCCN1CCN(C)CC1)N=CC(C#N)=C2NC1=CC(OC)=C(Cl)C=C1Cl"	"Dual specificity mitogen-activated protein kinase kinase 2"	"Kinase"	"P36507"	"MAP2K2"	"MP2K2_HUMAN"	8.0	"Kd"	"Tclin"
"bosutinib"	"COC1=CC2=C(C=C1OCCCN1CCN(C)CC1)N=CC(C#N)=C2NC1=CC(OC)=C(Cl)C=C1Cl"	"Ephrin type-B receptor 4"	"Kinase"	"P54760"	"EPHB4"	"EPHB4_HUMAN"	8.04	"Kd"	"Tchem"
"bosutinib"	"COC1=CC2=C(C=C1OCCCN1CCN(C)CC1)N=CC(C#N)=C2NC1=CC(OC)=C(Cl)C=C1Cl"	"Epidermal growth factor receptor"	"Kinase"	"P00533"	"EGFR"	"EGFR_HUMAN"	7.74	"Kd"	"Tclin"
"bosutinib"	"COC1=CC2=C(C=C1OCCCN1CCN(C)CC1)N=CC(C#N)=C2NC1=CC(OC)=C(Cl)C=C1Cl"	"Eukaryotic translation initiation factor 2-alpha kinase 4"	"Kinase"	"Q9P2K8"	"EIF2AK4"	"E2AK4_HUMAN"	6.57	"Kd"	"Tchem"
"bosutinib"	"COC1=CC2=C(C=C1OCCCN1CCN(C)CC1)N=CC(C#N)=C2NC1=CC(OC)=C(Cl)C=C1Cl"	"Interleukin-1 receptor-associated kinase 1"	"Kinase"	"P51617"	"IRAK1"	"IRAK1_HUMAN"	6.22	"Kd"	"Tchem"
"bosutinib"	"COC1=CC2=C(C=C1OCCCN1CCN(C)CC1)N=CC(C#N)=C2NC1=CC(OC)=C(Cl)C=C1Cl"	"Mitogen-activated protein kinase kinase kinase 7"	"Kinase"	"O43318"	"MAP3K7"	"M3K7_HUMAN"	7.0	"Kd"	"Tchem"
"bosutinib"	"COC1=CC2=C(C=C1OCCCN1CCN(C)CC1)N=CC(C#N)=C2NC1=CC(OC)=C(Cl)C=C1Cl"	"Myosin light chain kinase, smooth muscle"	"Kinase"	"Q15746"	"MYLK"	"MYLK_HUMAN"	6.31	"Kd"	"Tchem"
"bosutinib"	"COC1=CC2=C(C=C1OCCCN1CCN(C)CC1)N=CC(C#N)=C2NC1=CC(OC)=C(Cl)C=C1Cl"	"Peripheral plasma membrane protein CASK"	"Kinase"	"O14936"	"CASK"	"CSKP_HUMAN"	6.08	"Kd"	"Tbio"
"bosutinib"	"COC1=CC2=C(C=C1OCCCN1CCN(C)CC1)N=CC(C#N)=C2NC1=CC(OC)=C(Cl)C=C1Cl"	"Receptor tyrosine-protein kinase erbB-3"	"Kinase"	"P21860"	"ERBB3"	"ERBB3_HUMAN"	9.11	"Kd"	"Tchem"
"bosutinib"	"COC1=CC2=C(C=C1OCCCN1CCN(C)CC1)N=CC(C#N)=C2NC1=CC(OC)=C(Cl)C=C1Cl"	"Serine/threonine-protein kinase 36"	"Kinase"	"Q9NRP7"	"STK36"	"STK36_HUMAN"	6.24	"Kd"	"Tbio"
"bosutinib"	"COC1=CC2=C(C=C1OCCCN1CCN(C)CC1)N=CC(C#N)=C2NC1=CC(OC)=C(Cl)C=C1Cl"	"Serine/threonine-protein kinase 4"	"Kinase"	"Q13043"	"STK4"	"STK4_HUMAN"	6.72	"Kd"	"Tchem"
"bosutinib"	"COC1=CC2=C(C=C1OCCCN1CCN(C)CC1)N=CC(C#N)=C2NC1=CC(OC)=C(Cl)C=C1Cl"	"Serine/threonine-protein kinase SIK1"	"Kinase"	"P57059"	"SIK1"	"SIK1_HUMAN"	7.52	"Kd"	"Tchem"
"bosutinib"	"COC1=CC2=C(C=C1OCCCN1CCN(C)CC1)N=CC(C#N)=C2NC1=CC(OC)=C(Cl)C=C1Cl"	"Serine/threonine-protein kinase SIK3"	"Kinase"	"Q9Y2K2"	"SIK3"	"SIK3_HUMAN"	7.19	"Kd"	"Tchem"
"bosutinib"	"COC1=CC2=C(C=C1OCCCN1CCN(C)CC1)N=CC(C#N)=C2NC1=CC(OC)=C(Cl)C=C1Cl"	"Serine/threonine-protein kinase TNNI3K"	"Kinase"	"Q59H18"	"TNNI3K"	"TNI3K_HUMAN"	6.77	"Kd"	"Tchem"
"bosutinib"	"COC1=CC2=C(C=C1OCCCN1CCN(C)CC1)N=CC(C#N)=C2NC1=CC(OC)=C(Cl)C=C1Cl"	"Tyrosine-protein kinase ABL1"	"Kinase"	"P00519"	"ABL1"	"ABL1_HUMAN"	10.54	"Kd"	"Tclin"
"bosutinib"	"COC1=CC2=C(C=C1OCCCN1CCN(C)CC1)N=CC(C#N)=C2NC1=CC(OC)=C(Cl)C=C1Cl"	"Tyrosine-protein kinase BTK"	"Kinase"	"Q06187"	"BTK"	"BTK_HUMAN"	8.32	"Kd"	"Tclin"
"brigatinib"	"COC1=C(NC2=NC=C(Cl)C(NC3=CC=CC=C3P(C)(C)=O)=N2)C=CC(=C1)N1CCC(CC1)N1CCN(C)CC1"	"Epidermal growth factor receptor"	"Kinase"	"P00533"	"EGFR"	"EGFR_HUMAN"	7.173925399780273	"IC50"	"Tclin"
"brigatinib"	"COC1=C(NC2=NC=C(Cl)C(NC3=CC=CC=C3P(C)(C)=O)=N2)C=CC(=C1)N1CCC(CC1)N1CCN(C)CC1"	"Insulin receptor"	"Kinase"	"P06213"	"INSR"	"INSR_HUMAN"	6.79587984085083	"IC50"	"Tclin"
"brigatinib"	"COC1=C(NC2=NC=C(Cl)C(NC3=CC=CC=C3P(C)(C)=O)=N2)C=CC(=C1)N1CCC(CC1)N1CCN(C)CC1"	"Insulin-like growth factor 1 receptor"	"Kinase"	"P08069"	"IGF1R"	"IGF1R_HUMAN"	7.136677265167236	"IC50"	"Tclin"
"budesonide"	"CCCC1O[C@@H]2C[C@H]3[C@@H]4CCC5=CC(=O)C=C[C@]5(C)[C@H]4[C@@H](O)C[C@]3(C)[C@@]2(O1)C(=O)CO"	"Interferon gamma"	"Cytokine"	"P01579"	"IFNG"	"IFNG_HUMAN"	9.5	"IC50"	"Tclin"
"buflomedil"	"COC1=CC(OC)=C(C(=O)CCCN2CCCC2)C(OC)=C1"	"3-beta-hydroxysteroid-Delta(8),Delta(7)-isomerase"	"Enzyme"	"Q15125"	"EBP"	"EBP_HUMAN"	7.22	"Ki"	"Tchem"
"bufylline"	(null)	"Adenosine receptor A2a"	"GPCR"	"P29274"	"ADORA2A"	"AA2AR_HUMAN"	9.22	"Ki"	"Tclin"
"cabozantinib"	"COC1=CC2=NC=CC(OC3=CC=C(NC(=O)C4(CC4)C(=O)NC4=CC=C(F)C=C4)C=C3)=C2C=C1OC"	"Vascular endothelial growth factor receptor 2"	"Kinase"	"P35968"	"KDR"	"VGFR2_HUMAN"	10.455931663513184	"IC50"	"Tclin"
"caplacizumab"	(null)	"von Willebrand factor"	"Unclassified"	"P04275"	"VWF"	"VWF_HUMAN"	8.508638306	"Kd"	"Tclin"
"carbachol"	"C[N+](C)(C)CCOC(N)=O"	"Muscarinic acetylcholine receptor M3"	"GPCR"	"P20309"	"CHRM3"	"ACM3_HUMAN"	8.699	"EC50"	"Tclin"
"carfilzomib"	"CC(C)C[C@H](NC(=O)[C@H](CCC1=CC=CC=C1)NC(=O)CN1CCOCC1)C(=O)N[C@@H](CC1=CC=CC=C1)C(=O)N[C@@H](CC(C)C)C(=O)[C@@]1(C)CO1"	"Proteasome subunit beta type-8"	"Enzyme"	"P28062"	"PSMB8"	"PSB8_HUMAN"	7.85	"IC50"	"Tclin"
"ceritinib"	"CC(C)OC1=C(NC2=NC=C(Cl)C(NC3=C(C=CC=C3)S(=O)(=O)C(C)C)=N2)C=C(C)C(=C1)C1CCNCC1"	"Epidermal growth factor receptor"	"Kinase"	"P00533"	"EGFR"	"EGFR_HUMAN"	6.05	"IC50"	"Tclin"
"ceritinib"	"CC(C)OC1=C(NC2=NC=C(Cl)C(NC3=C(C=CC=C3)S(=O)(=O)C(C)C)=N2)C=C(C)C(=C1)C1CCNCC1"	"Fibroblast growth factor receptor 2"	"Kinase"	"P21802"	"FGFR2"	"FGFR2_HUMAN"	6.59	"IC50"	"Tclin"
"ceritinib"	"CC(C)OC1=C(NC2=NC=C(Cl)C(NC3=C(C=CC=C3)S(=O)(=O)C(C)C)=N2)C=C(C)C(=C1)C1CCNCC1"	"Fibroblast growth factor receptor 3"	"Kinase"	"P22607"	"FGFR3"	"FGFR3_HUMAN"	6.37	"IC50"	"Tclin"
"ceritinib"	"CC(C)OC1=C(NC2=NC=C(Cl)C(NC3=C(C=CC=C3)S(=O)(=O)C(C)C)=N2)C=C(C)C(=C1)C1CCNCC1"	"Insulin receptor"	"Kinase"	"P06213"	"INSR"	"INSR_HUMAN"	8.154901504516602	"IC50"	"Tclin"
"ceritinib"	"CC(C)OC1=C(NC2=NC=C(Cl)C(NC3=C(C=CC=C3)S(=O)(=O)C(C)C)=N2)C=C(C)C(=C1)C1CCNCC1"	"Insulin-like growth factor 1 receptor"	"Kinase"	"P08069"	"IGF1R"	"IGF1R_HUMAN"	8.09691047668457	"IC50"	"Tclin"
"cetuximab"	(null)	"Epidermal growth factor receptor"	"Kinase"	"P00533"	"EGFR"	"EGFR_HUMAN"	9.41	"Kd"	"Tclin"
"cevimeline"	"CC1OC2(CS1)CN1CCC2CC1"	"Muscarinic acetylcholine receptor M3"	"GPCR"	"P20309"	"CHRM3"	"ACM3_HUMAN"	7.3188	"EC50"	"Tclin"
"chidamide"	"NC1=CC(F)=CC=C1NC(=O)C1=CC=C(CNC(=O)\C=C\C2=CC=CN=C2)C=C1"	"Histone deacetylase 8"	"Enzyme"	"Q9BY41"	"HDAC8"	"HDAC8_HUMAN"	6.1348958015441895	"IC50"	"Tclin"
"chlorpromazine"	"CN(C)CCCN1C2=CC=CC=C2SC2=C1C=C(Cl)C=C2"	"Muscarinic acetylcholine receptor M3"	"GPCR"	"P20309"	"CHRM3"	"ACM3_HUMAN"	7.250913619995117	"Ki"	"Tclin"
"chlorprothixene"	"CN(C)CC\C=C1\C2=CC=CC=C2SC2=C1C=C(Cl)C=C2"	"Muscarinic acetylcholine receptor M3"	"GPCR"	"P20309"	"CHRM3"	"ACM3_HUMAN"	7.657577319	"Ki"	"Tclin"
"choline theophyllinate"	(null)	"Adenosine receptor A2a"	"GPCR"	"P29274"	"ADORA2A"	"AA2AR_HUMAN"	9.22	"Ki"	"Tclin"
"cinnarizine"	"C(\C=C\C1=CC=CC=C1)N1CCN(CC1)C(C1=CC=CC=C1)C1=CC=CC=C1"	"Muscarinic acetylcholine receptor M3"	"GPCR"	"P20309"	"CHRM3"	"ACM3_HUMAN"	6.790484985	"Ki"	"Tclin"
"clemastine"	"CN1CCC[C@@H]1CCO[C@](C)(C1=CC=CC=C1)C1=CC=C(Cl)C=C1"	"Muscarinic acetylcholine receptor M3"	"GPCR"	"P20309"	"CHRM3"	"ACM3_HUMAN"	8.083546051	"Ki"	"Tclin"
"clidinium"	"C[N+]12CCC(CC1)C(C2)OC(=O)C(O)(C1=CC=CC=C1)C1=CC=CC=C1"	"Muscarinic acetylcholine receptor M3"	"GPCR"	"P20309"	"CHRM3"	"ACM3_HUMAN"	9.6	"Ki"	"Tclin"
"clomifene"	"CCN(CC)CCOC1=CC=C(C=C1)C(=C(Cl)C1=CC=CC=C1)C1=CC=CC=C1"	"3-beta-hydroxysteroid-Delta(8),Delta(7)-isomerase"	"Enzyme"	"Q15125"	"EBP"	"EBP_HUMAN"	9.0	"Ki"	"Tchem"
"clomifene"	"CCN(CC)CCOC1=CC=C(C=C1)C(=C(Cl)C1=CC=CC=C1)C1=CC=CC=C1"	"Muscarinic acetylcholine receptor M3"	"GPCR"	"P20309"	"CHRM3"	"ACM3_HUMAN"	6.35753548	"Ki"	"Tclin"
"clomipramine"	"CN(C)CCCN1C2=CC(Cl)=CC=C2CCC2=C1C=CC=C2"	"Muscarinic acetylcholine receptor M3"	"GPCR"	"P20309"	"CHRM3"	"ACM3_HUMAN"	7.443697499	"Ki"	"Tclin"
"clozapine"	"CN1CCN(CC1)C1=NC2=CC(Cl)=CC=C2NC2=C1C=CC=C2"	"Muscarinic acetylcholine receptor M3"	"GPCR"	"P20309"	"CHRM3"	"ACM3_HUMAN"	7.5911	"Ki"	"Tclin"
"cobimetinib"	"OC1(CN(C1)C(=O)C1=C(NC2=CC=C(I)C=C2F)C(F)=C(F)C=C1)[C@@H]1CCCCN1"	"Dual specificity mitogen-activated protein kinase kinase 1"	"Kinase"	"Q02750"	"MAP2K1"	"MP2K1_HUMAN"	9.045757293701172	"IC50"	"Tclin"
"cobimetinib"	"OC1(CN(C1)C(=O)C1=C(NC2=CC=C(I)C=C2F)C(F)=C(F)C=C1)[C@@H]1CCCCN1"	"Dual specificity mitogen-activated protein kinase kinase 2"	"Kinase"	"P36507"	"MAP2K2"	"MP2K2_HUMAN"	6.7	"IC50"	"Tclin"
"copanlisib"	"COC1=C(OCCCN2CCOCC2)C=CC2=C1N=C(NC(=O)C1=CN=C(N)N=C1)N1CCN=C21"	"Phosphatidylinositol 4,5-bisphosphate 3-kinase catalytic subunit alpha isoform"	"Kinase"	"P42336"	"PIK3CA"	"PK3CA_HUMAN"	9.301030158996582	"IC50"	"Tclin"
"crizotinib"	"C[C@@H](OC1=C(N)N=CC(=C1)C1=CN(N=C1)C1CCNCC1)C1=C(Cl)C=CC(F)=C1Cl"	"Ephrin type-B receptor 4"	"Kinase"	"P54760"	"EPHB4"	"EPHB4_HUMAN"	6.24	"Kd"	"Tchem"
"crizotinib"	"C[C@@H](OC1=C(N)N=CC(=C1)C1=CN(N=C1)C1CCNCC1)C1=C(Cl)C=CC(F)=C1Cl"	"Insulin receptor"	"Kinase"	"P06213"	"INSR"	"INSR_HUMAN"	6.47	"Kd"	"Tclin"
"crizotinib"	"C[C@@H](OC1=C(N)N=CC(=C1)C1=CN(N=C1)C1CCNCC1)C1=C(Cl)C=CC(F)=C1Cl"	"Insulin-like growth factor 1 receptor"	"Kinase"	"P08069"	"IGF1R"	"IGF1R_HUMAN"	6.11	"Kd"	"Tclin"
"crizotinib"	"C[C@@H](OC1=C(N)N=CC(=C1)C1=CN(N=C1)C1CCNCC1)C1=C(Cl)C=CC(F)=C1Cl"	"Interleukin-1 receptor-associated kinase 1"	"Kinase"	"P51617"	"IRAK1"	"IRAK1_HUMAN"	7.31	"Kd"	"Tchem"
"crizotinib"	"C[C@@H](OC1=C(N)N=CC(=C1)C1=CN(N=C1)C1CCNCC1)C1=C(Cl)C=CC(F)=C1Cl"	"LIM domain kinase 1"	"Kinase"	"P53667"	"LIMK1"	"LIMK1_HUMAN"	6.08	"Kd"	"Tchem"
"crizotinib"	"C[C@@H](OC1=C(N)N=CC(=C1)C1=CN(N=C1)C1CCNCC1)C1=C(Cl)C=CC(F)=C1Cl"	"Peripheral plasma membrane protein CASK"	"Kinase"	"O14936"	"CASK"	"CSKP_HUMAN"	6.85	"Kd"	"Tbio"
"crizotinib"	"C[C@@H](OC1=C(N)N=CC(=C1)C1=CN(N=C1)C1CCNCC1)C1=C(Cl)C=CC(F)=C1Cl"	"Serine/threonine-protein kinase 4"	"Kinase"	"Q13043"	"STK4"	"STK4_HUMAN"	6.24	"Kd"	"Tchem"
"crizotinib"	"C[C@@H](OC1=C(N)N=CC(=C1)C1=CN(N=C1)C1CCNCC1)C1=C(Cl)C=CC(F)=C1Cl"	"Serine/threonine-protein kinase Nek9"	"Kinase"	"Q8TD19"	"NEK9"	"NEK9_HUMAN"	6.1	"Kd"	"Tbio"
"crizotinib"	"C[C@@H](OC1=C(N)N=CC(=C1)C1=CN(N=C1)C1CCNCC1)C1=C(Cl)C=CC(F)=C1Cl"	"Serine/threonine-protein kinase TNNI3K"	"Kinase"	"Q59H18"	"TNNI3K"	"TNI3K_HUMAN"	6.96	"Kd"	"Tchem"
"crizotinib"	"C[C@@H](OC1=C(N)N=CC(=C1)C1=CN(N=C1)C1CCNCC1)C1=C(Cl)C=CC(F)=C1Cl"	"Tyrosine-protein kinase ABL1"	"Kinase"	"P00519"	"ABL1"	"ABL1_HUMAN"	8.0	"Kd"	"Tclin"
"cyamemazine"	"CC(CN(C)C)CN1C2=CC=CC=C2SC2=C1C=C(C=C2)C#N"	"Muscarinic acetylcholine receptor M3"	"GPCR"	"P20309"	"CHRM3"	"ACM3_HUMAN"	7.494850158691406	"Ki"	"Tclin"
"cyclizine"	"CN1CCN(CC1)C(C1=CC=CC=C1)C1=CC=CC=C1"	"Muscarinic acetylcholine receptor M3"	"GPCR"	"P20309"	"CHRM3"	"ACM3_HUMAN"	6.798602876	"Ki"	"Tclin"
"cyclobenzaprine"	"CN(C)CCC=C1C2=CC=CC=C2C=CC2=C1C=CC=C2"	"Muscarinic acetylcholine receptor M3"	"GPCR"	"P20309"	"CHRM3"	"ACM3_HUMAN"	8.22184875	"Ki"	"Tclin"
"cyproheptadine"	"CN1CCC(CC1)=C1C2=CC=CC=C2C=CC2=C1C=CC=C2"	"Muscarinic acetylcholine receptor M3"	"GPCR"	"P20309"	"CHRM3"	"ACM3_HUMAN"	8.0	"Ki"	"Tclin"
"dabrafenib"	"CC(C)(C)C1=NC(=C(S1)C1=NC(N)=NC=C1)C1=C(F)C(NS(=O)(=O)C2=C(F)C=CC=C2F)=CC=C1"	"RAF proto-oncogene serine/threonine-protein kinase"	"Kinase"	"P04049"	"RAF1"	"RAF1_HUMAN"	6.82	"IC50"	"Tclin"
"dabrafenib"	"CC(C)(C)C1=NC(=C(S1)C1=NC(N)=NC=C1)C1=C(F)C(NS(=O)(=O)C2=C(F)C=CC=C2F)=CC=C1"	"Serine/threonine-protein kinase B-raf"	"Kinase"	"P15056"	"BRAF"	"BRAF_HUMAN"	9.1549015	"IC50"	"Tclin"
"dacomitinib"	"COC1=CC2=NC=NC(NC3=CC=C(F)C(Cl)=C3)=C2C=C1NC(=O)\C=C\CN1CCCCC1"	"Epidermal growth factor receptor"	"Kinase"	"P00533"	"EGFR"	"EGFR_HUMAN"	8.22184875	"IC50"	"Tclin"
"dantrolene"	"[O-][N+](=O)C1=CC=C(C=C1)C1=CC=C(O1)\C=N\N1CC(=O)NC1=O"	"Ryanodine receptor 1"	"Ion channel"	"P21817"	"RYR1"	"RYR1_HUMAN"	6.757	"Ki"	"Tclin"
"darifenacin"	"NC(=O)C([C@@H]1CCN(CCC2=CC=C3OCCC3=C2)C1)(C1=CC=CC=C1)C1=CC=CC=C1"	"Muscarinic acetylcholine receptor M3"	"GPCR"	"P20309"	"CHRM3"	"ACM3_HUMAN"	9.52	"Kd"	"Tclin"
"dasatinib"	"CC1=NC(NC2=NC=C(S2)C(=O)NC2=C(C)C=CC=C2Cl)=CC(=N1)N1CCN(CCO)CC1"	"Activin receptor type-2B"	"Kinase"	"Q13705"	"ACVR2B"	"AVR2B_HUMAN"	6.24	"Kd"	"Tchem"
"dasatinib"	"CC1=NC(NC2=NC=C(S2)C(=O)NC2=C(C)C=CC=C2Cl)=CC(=N1)N1CCN(CCO)CC1"	"Ephrin type-B receptor 4"	"Kinase"	"P54760"	"EPHB4"	"EPHB4_HUMAN"	9.47	"Kd"	"Tchem"
"dasatinib"	"CC1=NC(NC2=NC=C(S2)C(=O)NC2=C(C)C=CC=C2Cl)=CC(=N1)N1CCN(CCO)CC1"	"Epidermal growth factor receptor"	"Kinase"	"P00533"	"EGFR"	"EGFR_HUMAN"	7.1	"Kd"	"Tclin"
"dasatinib"	"CC1=NC(NC2=NC=C(S2)C(=O)NC2=C(C)C=CC=C2Cl)=CC(=N1)N1CCN(CCO)CC1"	"LIM domain kinase 1"	"Kinase"	"P53667"	"LIMK1"	"LIMK1_HUMAN"	6.24	"Kd"	"Tchem"
"dasatinib"	"CC1=NC(NC2=NC=C(S2)C(=O)NC2=C(C)C=CC=C2Cl)=CC(=N1)N1CCN(CCO)CC1"	"Platelet-derived growth factor receptor alpha"	"Kinase"	"P16234"	"PDGFRA"	"PGFRA_HUMAN"	9.33	"Kd"	"Tclin"
"dasatinib"	"CC1=NC(NC2=NC=C(S2)C(=O)NC2=C(C)C=CC=C2Cl)=CC(=N1)N1CCN(CCO)CC1"	"RAF proto-oncogene serine/threonine-protein kinase"	"Kinase"	"P04049"	"RAF1"	"RAF1_HUMAN"	6.24	"Kd"	"Tclin"
"dasatinib"	"CC1=NC(NC2=NC=C(S2)C(=O)NC2=C(C)C=CC=C2Cl)=CC(=N1)N1CCN(CCO)CC1"	"Receptor tyrosine-protein kinase erbB-3"	"Kinase"	"P21860"	"ERBB3"	"ERBB3_HUMAN"	7.74	"Kd"	"Tchem"
"dasatinib"	"CC1=NC(NC2=NC=C(S2)C(=O)NC2=C(C)C=CC=C2Cl)=CC(=N1)N1CCN(CCO)CC1"	"Serine/threonine-protein kinase 36"	"Kinase"	"Q9NRP7"	"STK36"	"STK36_HUMAN"	6.68	"Kd"	"Tbio"
"dasatinib"	"CC1=NC(NC2=NC=C(S2)C(=O)NC2=C(C)C=CC=C2Cl)=CC(=N1)N1CCN(CCO)CC1"	"Serine/threonine-protein kinase B-raf"	"Kinase"	"P15056"	"BRAF"	"BRAF_HUMAN"	6.3	"Kd"	"Tclin"
"dasatinib"	"CC1=NC(NC2=NC=C(S2)C(=O)NC2=C(C)C=CC=C2Cl)=CC(=N1)N1CCN(CCO)CC1"	"Serine/threonine-protein kinase SIK1"	"Kinase"	"P57059"	"SIK1"	"SIK1_HUMAN"	8.41	"Kd"	"Tchem"
"dasatinib"	"CC1=NC(NC2=NC=C(S2)C(=O)NC2=C(C)C=CC=C2Cl)=CC(=N1)N1CCN(CCO)CC1"	"Serine/threonine-protein kinase SIK3"	"Kinase"	"Q9Y2K2"	"SIK3"	"SIK3_HUMAN"	7.55	"Kd"	"Tchem"
"dasatinib"	"CC1=NC(NC2=NC=C(S2)C(=O)NC2=C(C)C=CC=C2Cl)=CC(=N1)N1CCN(CCO)CC1"	"Serine/threonine-protein kinase TNNI3K"	"Kinase"	"Q59H18"	"TNNI3K"	"TNI3K_HUMAN"	7.96	"Kd"	"Tchem"
"dasatinib"	"CC1=NC(NC2=NC=C(S2)C(=O)NC2=C(C)C=CC=C2Cl)=CC(=N1)N1CCN(CCO)CC1"	"TGF-beta receptor type-1"	"Kinase"	"P36897"	"TGFBR1"	"TGFR1_HUMAN"	6.64	"Kd"	"Tchem"
"dasatinib"	"CC1=NC(NC2=NC=C(S2)C(=O)NC2=C(C)C=CC=C2Cl)=CC(=N1)N1CCN(CCO)CC1"	"Tyrosine-protein kinase ABL1"	"Kinase"	"P00519"	"ABL1"	"ABL1_HUMAN"	9.6	"IC50"	"Tclin"
"dasatinib"	"CC1=NC(NC2=NC=C(S2)C(=O)NC2=C(C)C=CC=C2Cl)=CC(=N1)N1CCN(CCO)CC1"	"Tyrosine-protein kinase BTK"	"Kinase"	"Q06187"	"BTK"	"BTK_HUMAN"	8.85	"Kd"	"Tclin"
"desipramine"	"CNCCCN1C2=CC=CC=C2CCC2=C1C=CC=C2"	"Muscarinic acetylcholine receptor M3"	"GPCR"	"P20309"	"CHRM3"	"ACM3_HUMAN"	6.68	"Ki"	"Tclin"
"desloratadine"	"ClC1=CC=C2C(CCC3=C(N=CC=C3)C2=C2CCNCC2)=C1"	"Muscarinic acetylcholine receptor M3"	"GPCR"	"P20309"	"CHRM3"	"ACM3_HUMAN"	7.49	"Ki"	"Tclin"
"dexchlorpheniramine"	"CN(C)CC[C@@H](C1=CC=C(Cl)C=C1)C1=CC=CC=N1"	"Muscarinic acetylcholine receptor M3"	"GPCR"	"P20309"	"CHRM3"	"ACM3_HUMAN"	6.262012674	"Ki"	"Tclin"
"diclofenac"	"OC(=O)CC1=C(NC2=C(Cl)C=CC=C2Cl)C=CC=C1"	"Peroxisome proliferator-activated receptor gamma"	"Nuclear hormone receptor"	"P37231"	"PPARG"	"PPARG_HUMAN"	6.2	"Ki"	"Tclin"
"dicycloverine"	"CCN(CC)CCOC(=O)C1(CCCCC1)C1CCCCC1"	"Muscarinic acetylcholine receptor M3"	"GPCR"	"P20309"	"CHRM3"	"ACM3_HUMAN"	9.032920266	"Ki"	"Tclin"
"diflunisal"	"OC(=O)C1=C(O)C=CC(=C1)C1=C(F)C=C(F)C=C1"	"Transthyretin"	"Secreted"	"P02766"	"TTR"	"TTHY_HUMAN"	7.125	"Kd1"	"Tclin"
"digitoxin"	"C[C@H]1O[C@H](C[C@H](O)[C@@H]1O)O[C@H]1[C@@H](O)C[C@H](O[C@H]2[C@@H](O)C[C@H](O[C@H]3CC[C@@]4(C)[C@H](CC[C@@H]5[C@@H]4CC[C@]4(C)[C@H](CC[C@]54O)C4=CC(=O)OC4)C3)O[C@@H]2C)O[C@@H]1C"	"Signal transducer and activator of transcription 3"	"Transcription factor"	"P40763"	"STAT3"	"STAT3_HUMAN"	6.150000095367432	"IC50"	"Tchem"
"diiodohydroxyquinoline"	"OC1=C2N=CC=CC2=C(I)C=C1I"	"Mitogen-activated protein kinase 1"	"Kinase"	"P28482"	"MAPK1"	"MK01_HUMAN"	6.53165267	"IC50"	"Tchem"
"diltiazem"	"COC1=CC=C(C=C1)[C@@H]1SC2=CC=CC=C2N(CCN(C)C)C(=O)[C@@H]1OC(C)=O"	"Voltage-dependent L-type calcium channel subunit alpha-1C"	"Ion channel"	"Q13936"	"CACNA1C"	"CAC1C_HUMAN"	7.3188	"IC50"	"Tclin"
"diltiazem"	"COC1=CC=C(C=C1)[C@@H]1SC2=CC=CC=C2N(CCN(C)C)C(=O)[C@@H]1OC(C)=O"	"Voltage-dependent L-type calcium channel subunit alpha-1S"	"Ion channel"	"Q13698"	"CACNA1S"	"CAC1S_HUMAN"	6.42	"Ki"	"Tclin"
"dimenhydrinate"	(null)	"Muscarinic acetylcholine receptor M3"	"GPCR"	"P20309"	"CHRM3"	"ACM3_HUMAN"	7.022276395	"Ki"	"Tclin"
"dimetindene"	"CC(C1=C(CCN(C)C)CC2=C1C=CC=C2)C1=CC=CC=N1"	"Muscarinic acetylcholine receptor M3"	"GPCR"	"P20309"	"CHRM3"	"ACM3_HUMAN"	6.72	"Ki"	"Tclin"
"diphenhydramine"	"CN(C)CCOC(C1=CC=CC=C1)C1=CC=CC=C1"	"Muscarinic acetylcholine receptor M3"	"GPCR"	"P20309"	"CHRM3"	"ACM3_HUMAN"	6.6402	"Ki"	"Tclin"
"diphenidol"	"OC(CCCN1CCCCC1)(C1=CC=CC=C1)C1=CC=CC=C1"	"Muscarinic acetylcholine receptor M3"	"GPCR"	"P20309"	"CHRM3"	"ACM3_HUMAN"	7.283996656	"Ki"	"Tclin"
"dipyridamole"	"OCCN(CCO)C1=NC(N2CCCCC2)=C2N=C(N=C(N3CCCCC3)C2=N1)N(CCO)CCO"	"Dual 3',5'-cyclic-AMP and -GMP phosphodiesterase 11A"	"Enzyme"	"Q9HCR9"	"PDE11A"	"PDE11_HUMAN"	6.4	"Ki"	"Tchem"
"docetaxel"	"CC(=O)O[C@@]12CO[C@@H]1C[C@H](O)[C@]1(C)[C@@H]2[C@H](OC(=O)C2=CC=CC=C2)[C@]2(O)C[C@H](OC(=O)[C@H](O)[C@@H](NC(=O)OC(C)(C)C)C3=CC=CC=C3)C(C)=C([C@@H](O)C1=O)C2(C)C"	"Epidermal growth factor receptor"	"Kinase"	"P00533"	"EGFR"	"EGFR_HUMAN"	9.0862	"Kd"	"Tclin"
"dofetilide"	"CN(CCOC1=CC=C(NS(C)(=O)=O)C=C1)CCC1=CC=C(NS(C)(=O)=O)C=C1"	"Potassium voltage-gated channel subfamily H member 1"	"Ion channel"	"O95259"	"KCNH1"	"KCNH1_HUMAN"	7.5	"IC50"	"Tclin"
"dosulepin"	"CN(C)CC\C=C1/C2=CC=CC=C2CSC2=CC=CC=C12"	"Muscarinic acetylcholine receptor M3"	"GPCR"	"P20309"	"CHRM3"	"ACM3_HUMAN"	7.4202	"Ki"	"Tclin"
"doxepin"	"CN(C)CCC=C1C2=CC=CC=C2COC2=C1C=CC=C2"	"Muscarinic acetylcholine receptor M3"	"GPCR"	"P20309"	"CHRM3"	"ACM3_HUMAN"	7.284	"Ki"	"Tclin"
"ebastine"	"CC(C)(C)C1=CC=C(C=C1)C(=O)CCCN1CCC(CC1)OC(C1=CC=CC=C1)C1=CC=CC=C1"	"Epidermal growth factor receptor"	"Kinase"	"P00533"	"EGFR"	"EGFR_HUMAN"	6.252510508	"IC50"	"Tclin"
"ebastine"	"CC(C)(C)C1=CC=C(C=C1)C(=O)CCCN1CCC(CC1)OC(C1=CC=CC=C1)C1=CC=CC=C1"	"Muscarinic acetylcholine receptor M3"	"GPCR"	"P20309"	"CHRM3"	"ACM3_HUMAN"	6.862645889	"Ki"	"Tclin"
"econazole"	"ClC1=CC=C(COC(CN2C=CN=C2)C2=C(Cl)C=C(Cl)C=C2)C=C1"	"Muscarinic acetylcholine receptor M3"	"GPCR"	"P20309"	"CHRM3"	"ACM3_HUMAN"	6.42136079	"Ki"	"Tclin"
"elliptinium"	"CC1=C2C=C[N+](C)=CC2=C(C)C2=C1NC1=CC=C(O)C=C21"	"Fibroblast growth factor receptor 3"	"Kinase"	"P22607"	"FGFR3"	"FGFR3_HUMAN"	6.3	"IC50"	"Tclin"
"elliptinium"	"CC1=C2C=C[N+](C)=CC2=C(C)C2=C1NC1=CC=C(O)C=C21"	"Platelet-derived growth factor receptor alpha"	"Kinase"	"P16234"	"PDGFRA"	"PGFRA_HUMAN"	6.15	"IC50"	"Tclin"
"eltrombopag"	"CC1=NN(C(=O)\C1=N/NC1=CC=CC(C2=CC(=CC=C2)C(O)=O)=C1O)C1=CC(C)=C(C)C=C1"	"Thrombopoietin receptor"	"Membrane receptor"	"P40238"	"MPL"	"TPOR_HUMAN"	7.42	"EC50"	"Tclin"
"emapalumab"	(null)	"Interferon gamma"	"Cytokine"	"P01579"	"IFNG"	"IFNG_HUMAN"	9.1	"Kd"	"Tclin"
"enasidenib"	"CC(C)(O)CNC1=NC(=NC(NC2=CC(=NC=C2)C(F)(F)F)=N1)C1=CC=CC(=N1)C(F)(F)F"	"Isocitrate dehydrogenase [NADP], mitochondrial"	"Enzyme"	"P48735"	"IDH2"	"IDHP_HUMAN"	7.0	"IC50"	"Tclin"
"encorafenib"	"COC(=O)N[C@@H](C)CNC1=NC(=CC=N1)C1=CN(N=C1C1=C(F)C(NS(C)(=O)=O)=CC(Cl)=C1)C(C)C"	"RAF proto-oncogene serine/threonine-protein kinase"	"Kinase"	"P04049"	"RAF1"	"RAF1_HUMAN"	9.522879	"IC50"	"Tclin"
"encorafenib"	"COC(=O)N[C@@H](C)CNC1=NC(=CC=N1)C1=CN(N=C1C1=C(F)C(NS(C)(=O)=O)=CC(Cl)=C1)C(C)C"	"Serine/threonine-protein kinase B-raf"	"Kinase"	"P15056"	"BRAF"	"BRAF_HUMAN"	9.327902	"IC50"	"Tclin"
"enoxolone"	"CC1(C)[C@@H](O)CC[C@@]2(C)[C@H]1CC[C@]1(C)[C@@H]2C(=O)C=C2[C@@H]3C[C@](C)(CC[C@]3(C)CC[C@@]12C)C(O)=O"	"Corticosteroid 11-beta-dehydrogenase isozyme 2"	"Enzyme"	"P80365"	"HSD11B2"	"DHI2_HUMAN"	8.91	"IC50"	"Tchem"
"entacapone"	"CCN(CC)C(=O)C(=C\C1=CC(=C(O)C(O)=C1)[N+]([O-])=O)\C#N"	"Catechol O-methyltransferase"	"Enzyme"	"P21964"	"COMT"	"COMT_HUMAN"	9.522878646850586	"Ki"	"Tclin"
"erdafitinib"	"COC1=CC(=CC(OC)=C1)N(CCNC(C)C)C1=CC2=NC(=CN=C2C=C1)C1=CN(C)N=C1"	"Fibroblast growth factor receptor 1"	"Kinase"	"P11362"	"FGFR1"	"FGFR1_HUMAN"	8.9208	"IC50"	"Tclin"
"erdafitinib"	"COC1=CC(=CC(OC)=C1)N(CCNC(C)C)C1=CC2=NC(=CN=C2C=C1)C1=CN(C)N=C1"	"Fibroblast growth factor receptor 2"	"Kinase"	"P21802"	"FGFR2"	"FGFR2_HUMAN"	8.6021	"IC50"	"Tclin"
"erdafitinib"	"COC1=CC(=CC(OC)=C1)N(CCNC(C)C)C1=CC2=NC(=CN=C2C=C1)C1=CN(C)N=C1"	"Fibroblast growth factor receptor 3"	"Kinase"	"P22607"	"FGFR3"	"FGFR3_HUMAN"	8.5229	"IC50"	"Tclin"
"erdafitinib"	"COC1=CC(=CC(OC)=C1)N(CCNC(C)C)C1=CC2=NC(=CN=C2C=C1)C1=CN(C)N=C1"	"Vascular endothelial growth factor receptor 2"	"Kinase"	"P35968"	"KDR"	"VGFR2_HUMAN"	7.4342	"IC50"	"Tclin"
"erlotinib"	"COCCOC1=CC2=C(C=C1OCCOC)C(NC1=CC=CC(=C1)C#C)=NC=N2"	"Epidermal growth factor receptor"	"Kinase"	"P00533"	"EGFR"	"EGFR_HUMAN"	9.22	"IC50"	"Tclin"
"erlotinib"	"COCCOC1=CC2=C(C=C1OCCOC)C(NC1=CC=CC(=C1)C#C)=NC=N2"	"Myosin light chain kinase 2, skeletal/cardiac muscle"	"Kinase"	"Q9H1R3"	"MYLK2"	"MYLK2_HUMAN"	6.01	"Kd"	"Tbio"
"erlotinib"	"COCCOC1=CC2=C(C=C1OCCOC)C(NC1=CC=CC(=C1)C#C)=NC=N2"	"Serine/threonine-protein kinase TNNI3K"	"Kinase"	"Q59H18"	"TNNI3K"	"TNI3K_HUMAN"	6.24	"Kd"	"Tchem"
"erlotinib"	"COCCOC1=CC2=C(C=C1OCCOC)C(NC1=CC=CC(=C1)C#C)=NC=N2"	"Tyrosine-protein kinase ABL1"	"Kinase"	"P00519"	"ABL1"	"ABL1_HUMAN"	7.24	"Kd"	"Tclin"
"evolocumab"	(null)	"Proprotein convertase subtilisin/kexin type 9"	"Enzyme"	"Q8NBP7"	"PCSK9"	"PCSK9_HUMAN"	9.72	"Kd"	"Tclin"
"felodipine"	"CCOC(=O)C1=C(C)NC(C)=C(C1C1=C(Cl)C(Cl)=CC=C1)C(=O)OC"	"Cystic fibrosis transmembrane conductance regulator"	"Ion channel"	"P13569"	"CFTR"	"CFTR_HUMAN"	8.4	"Ki"	"Tclin"
"femoxetine"	"COC1=CC=C(OC[C@H]2CN(C)CC[C@@H]2C2=CC=CC=C2)C=C1"	"Muscarinic acetylcholine receptor M3"	"GPCR"	"P20309"	"CHRM3"	"ACM3_HUMAN"	6.657577319	"Ki"	"Tclin"
"fenofibrate"	"CC(C)OC(=O)C(C)(C)OC1=CC=C(C=C1)C(=O)C1=CC=C(Cl)C=C1"	"Peroxisome proliferator-activated receptor gamma"	"Nuclear hormone receptor"	"P37231"	"PPARG"	"PPARG_HUMAN"	6.24	"EC50"	"Tclin"
"fesoterodine"	"CC(C)N(CC[C@H](C1=CC=CC=C1)C1=C(OC(=O)C(C)C)C=CC(CO)=C1)C(C)C"	"Muscarinic acetylcholine receptor M3"	"GPCR"	"P20309"	"CHRM3"	"ACM3_HUMAN"	6.2706	"Ki"	"Tclin"
"flufenamic acid"	"OC(=O)C1=C(NC2=CC(=CC=C2)C(F)(F)F)C=CC=C1"	"Transthyretin"	"Secreted"	"P02766"	"TTR"	"TTHY_HUMAN"	7.25	"Kd"	"Tclin"
"flunarizine"	"FC1=CC=C(C=C1)C(N1CCN(C\C=C\C2=CC=CC=C2)CC1)C1=CC=C(F)C=C1"	"Muscarinic acetylcholine receptor M3"	"GPCR"	"P20309"	"CHRM3"	"ACM3_HUMAN"	6.504455662	"Ki"	"Tclin"
"gefitinib"	"COC1=C(OCCCN2CCOCC2)C=C2C(NC3=CC(Cl)=C(F)C=C3)=NC=NC2=C1"	"Epidermal growth factor receptor"	"Kinase"	"P00533"	"EGFR"	"EGFR_HUMAN"	9.4	"Ki"	"Tclin"
"gefitinib"	"COC1=C(OCCCN2CCOCC2)C=C2C(NC3=CC(Cl)=C(F)C=C3)=NC=NC2=C1"	"Interleukin-1 receptor-associated kinase 1"	"Kinase"	"P51617"	"IRAK1"	"IRAK1_HUMAN"	7.16	"Kd"	"Tchem"
"gefitinib"	"COC1=C(OCCCN2CCOCC2)C=C2C(NC3=CC(Cl)=C(F)C=C3)=NC=NC2=C1"	"Receptor tyrosine-protein kinase erbB-3"	"Kinase"	"P21860"	"ERBB3"	"ERBB3_HUMAN"	6.1	"Kd"	"Tchem"
"gefitinib"	"COC1=C(OCCCN2CCOCC2)C=C2C(NC3=CC(Cl)=C(F)C=C3)=NC=NC2=C1"	"Tyrosine-protein kinase ABL1"	"Kinase"	"P00519"	"ABL1"	"ABL1_HUMAN"	6.64	"Kd"	"Tclin"
"gemfibrozil"	"CC1=CC(OCCCC(C)(C)C(O)=O)=C(C)C=C1"	"Transthyretin"	"Secreted"	"P02766"	"TTR"	"TTHY_HUMAN"	7.0	"Kd"	"Tclin"
"gentian violet"	"CN(C)C1=CC=C(C=C1)C(C1=CC=C(C=C1)N(C)C)=C1C=CC(C=C1)=[N+](C)C"	"Epidermal growth factor receptor"	"Kinase"	"P00533"	"EGFR"	"EGFR_HUMAN"	6.325138859	"IC50"	"Tclin"
"gentian violet"	"CN(C)C1=CC=C(C=C1)C(C1=CC=C(C=C1)N(C)C)=C1C=CC(C=C1)=[N+](C)C"	"Muscarinic acetylcholine receptor M3"	"GPCR"	"P20309"	"CHRM3"	"ACM3_HUMAN"	6.037157319	"Ki"	"Tclin"
"glasdegib"	"CN1CC[C@H](C[C@@H]1C1=NC2=C(N1)C=CC=C2)NC(=O)NC1=CC=C(C=C1)C#N"	"Smoothened homolog"	"GPCR"	"Q99835"	"SMO"	"SMO_HUMAN"	8.301029996	"IC50"	"Tclin"
"glycopyrronium bromide"	"C[N+]1(C)CCC(C1)OC(=O)C(O)(C1CCCC1)C1=CC=CC=C1"	"Muscarinic acetylcholine receptor M3"	"GPCR"	"P20309"	"CHRM3"	"ACM3_HUMAN"	9.640000343322754	"Ki"	"Tclin"
"glycyrrhizic acid"	"CC1(C)[C@H](CC[C@@]2(C)[C@H]1CC[C@]1(C)[C@@H]2C(=O)C=C2[C@@H]3C[C@](C)(CC[C@]3(C)CC[C@@]12C)C(O)=O)O[C@H]1O[C@@H]([C@@H](O)[C@H](O)[C@H]1O[C@@H]1O[C@@H]([C@@H](O)[C@H](O)[C@H]1O)C(O)=O)C(O)=O"	"Corticosteroid 11-beta-dehydrogenase isozyme 2"	"Enzyme"	"P80365"	"HSD11B2"	"DHI2_HUMAN"	9.4	"IC50"	"Tchem"
"haloperidol"	"OC1(CCN(CCCC(=O)C2=CC=C(F)C=C2)CC1)C1=CC=C(Cl)C=C1"	"3-beta-hydroxysteroid-Delta(8),Delta(7)-isomerase"	"Enzyme"	"Q15125"	"EBP"	"EBP_HUMAN"	6.72	"Ki"	"Tchem"
"haloperidol"	"OC1(CCN(CCCC(=O)C2=CC=C(F)C=C2)CC1)C1=CC=C(Cl)C=C1"	"Potassium voltage-gated channel subfamily H member 1"	"Ion channel"	"O95259"	"KCNH1"	"KCNH1_HUMAN"	6.2	"IC50"	"Tclin"
"hexachlorophene"	"OC1=C(Cl)C=C(Cl)C(Cl)=C1CC1=C(Cl)C(Cl)=CC(Cl)=C1O"	"Adenosine receptor A2a"	"GPCR"	"P29274"	"ADORA2A"	"AA2AR_HUMAN"	6.042871802	"Ki"	"Tclin"
"hexachlorophene"	"OC1=C(Cl)C=C(Cl)C(Cl)=C1CC1=C(Cl)C(Cl)=CC(Cl)=C1O"	"Epidermal growth factor receptor"	"Kinase"	"P00533"	"EGFR"	"EGFR_HUMAN"	6.125750177	"IC50"	"Tclin"
"hexachlorophene"	"OC1=C(Cl)C=C(Cl)C(Cl)=C1CC1=C(Cl)C(Cl)=CC(Cl)=C1O"	"Mitogen-activated protein kinase 1"	"Kinase"	"P28482"	"MAPK1"	"MK01_HUMAN"	6.707743929	"IC50"	"Tchem"
"hexocyclium"	"C[N+]1(C)CCN(CC(O)(C2CCCCC2)C2=CC=CC=C2)CC1"	"Muscarinic acetylcholine receptor M3"	"GPCR"	"P20309"	"CHRM3"	"ACM3_HUMAN"	8.9	"Ki"	"Tclin"
"homatropine"	"CN1[C@H]2CC[C@@H]1C[C@@H](C2)OC(=O)C(O)C1=CC=CC=C1"	"Muscarinic acetylcholine receptor M3"	"GPCR"	"P20309"	"CHRM3"	"ACM3_HUMAN"	7.795880017	"Ki"	"Tclin"
"hydrochlorothiazide"	"NS(=O)(=O)C1=C(Cl)C=C2NCNS(=O)(=O)C2=C1"	"Solute carrier family 12 member 3"	"Transporter"	"P55017"	"SLC12A3"	"S12A3_HUMAN"	7.01	"A2"	"Tclin"
"hydroflumethiazide"	"NS(=O)(=O)C1=CC2=C(NCNS2(=O)=O)C=C1C(F)(F)F"	"Solute carrier family 12 member 3"	"Transporter"	"P55017"	"SLC12A3"	"S12A3_HUMAN"	7.37	"A2"	"Tclin"
"hyoscyamine"	"CN1[C@H]2CC[C@@H]1C[C@@H](C2)OC(=O)[C@H](CO)C1=CC=CC=C1"	"Muscarinic acetylcholine receptor M3"	"GPCR"	"P20309"	"CHRM3"	"ACM3_HUMAN"	9.8	"Ki"	"Tclin"
"ibrutinib"	"NC1=C2C(=NC=N1)N(N=C2C1=CC=C(OC2=CC=CC=C2)C=C1)[C@@H]1CCCN(C1)C(=O)C=C"	"Epidermal growth factor receptor"	"Kinase"	"P00533"	"EGFR"	"EGFR_HUMAN"	8.25	"IC50"	"Tclin"
"ibrutinib"	"NC1=C2C(=NC=N1)N(N=C2C1=CC=C(OC2=CC=CC=C2)C=C1)[C@@H]1CCCN(C1)C(=O)C=C"	"Fibroblast growth factor receptor 2"	"Kinase"	"P21802"	"FGFR2"	"FGFR2_HUMAN"	6.55	"IC50"	"Tclin"
"ibrutinib"	"NC1=C2C(=NC=N1)N(N=C2C1=CC=C(OC2=CC=CC=C2)C=C1)[C@@H]1CCCN(C1)C(=O)C=C"	"Tyrosine-protein kinase BTK"	"Kinase"	"Q06187"	"BTK"	"BTK_HUMAN"	9.142667770385742	"Ki"	"Tclin"
"ibrutinib"	"NC1=C2C(=NC=N1)N(N=C2C1=CC=C(OC2=CC=CC=C2)C=C1)[C@@H]1CCCN(C1)C(=O)C=C"	"Tyrosine-protein kinase ITK/TSK"	"Kinase"	"Q08881"	"ITK"	"ITK_HUMAN"	8.309804	"IC50"	"Tclin"
"icotinib"	"C#CC1=CC=CC(NC2=NC=NC3=C2C=C2OCCOCCOCCOC2=C3)=C1"	"Epidermal growth factor receptor"	"Kinase"	"P00533"	"EGFR"	"EGFR_HUMAN"	8.698969841003418	"IC50"	"Tclin"
"idelalisib"	"CC[C@H](NC1=NC=NC2=C1NC=N2)C1=NC2=C(C(F)=CC=C2)C(=O)N1C1=CC=CC=C1"	"Phosphatidylinositol 4,5-bisphosphate 3-kinase catalytic subunit alpha isoform"	"Kinase"	"P42336"	"PIK3CA"	"PK3CA_HUMAN"	6.086185932159424	"IC50"	"Tclin"
"imatinib"	"CN1CCN(CC2=CC=C(C=C2)C(=O)NC2=CC=C(C)C(NC3=NC=CC(=N3)C3=CN=CC=C3)=C2)CC1"	"Platelet-derived growth factor receptor alpha"	"Kinase"	"P16234"	"PDGFRA"	"PGFRA_HUMAN"	7.51	"Kd"	"Tclin"
"imatinib"	"CN1CCN(CC2=CC=C(C=C2)C(=O)NC2=CC=C(C)C(NC3=NC=CC(=N3)C3=CN=CC=C3)=C2)CC1"	"Tyrosine-protein kinase ABL1"	"Kinase"	"P00519"	"ABL1"	"ABL1_HUMAN"	8.96	"Kd"	"Tclin"
"imidafenacin"	"CC1=NC=CN1CCC(C(N)=O)(C1=CC=CC=C1)C1=CC=CC=C1"	"Muscarinic acetylcholine receptor M3"	"GPCR"	"P20309"	"CHRM3"	"ACM3_HUMAN"	9.498940467834473	"Kb"	"Tclin"
"imipramine"	"CN(C)CCCN1C2=CC=CC=C2CCC2=C1C=CC=C2"	"Muscarinic acetylcholine receptor M3"	"GPCR"	"P20309"	"CHRM3"	"ACM3_HUMAN"	7.2218	"Ki"	"Tclin"
"indapamide"	"CC1CC2=C(C=CC=C2)N1NC(=O)C1=CC(=C(Cl)C=C1)S(N)(=O)=O"	"Solute carrier family 12 member 3"	"Transporter"	"P55017"	"SLC12A3"	"S12A3_HUMAN"	7.54	"A2"	"Tclin"
"indomethacin"	"COC1=CC2=C(C=C1)N(C(=O)C1=CC=C(Cl)C=C1)C(C)=C2CC(O)=O"	"Peroxisome proliferator-activated receptor gamma"	"Nuclear hormone receptor"	"P37231"	"PPARG"	"PPARG_HUMAN"	7.38	"Kd"	"Tclin"
"ipratropium"	"CC(C)[N+]1(C)[C@H]2CC[C@@H]1C[C@@H](C2)OC(=O)C(CO)C1=CC=CC=C1"	"Muscarinic acetylcholine receptor M3"	"GPCR"	"P20309"	"CHRM3"	"ACM3_HUMAN"	9.2924	"Ki"	"Tclin"
"isotretinoin"	"C\C(\C=C\C1=C(C)CCCC1(C)C)=C/C=C/C(/C)=C\C(O)=O"	"Mitogen-activated protein kinase 1"	"Kinase"	"P28482"	"MAPK1"	"MK01_HUMAN"	6.335358024	"IC50"	"Tchem"
"isradipine"	"COC(=O)C1=C(C)NC(C)=C(C1C1=CC=CC2=NON=C12)C(=O)OC(C)C"	"Voltage-dependent L-type calcium channel subunit alpha-1D"	"Ion channel"	"Q01668"	"CACNA1D"	"CAC1D_HUMAN"	9.3	"IC50"	"Tclin"
"istradefylline"	"CCN1C2=C(N(C)C(\C=C\C3=CC(OC)=C(OC)C=C3)=N2)C(=O)N(CC)C1=O"	"Adenosine receptor A2a"	"GPCR"	"P29274"	"ADORA2A"	"AA2AR_HUMAN"	8.66	"Ki"	"Tclin"
"ivacaftor"	"CC(C)(C)C1=CC(=C(NC(=O)C2=CNC3=CC=CC=C3C2=O)C=C1O)C(C)(C)C"	"Cystic fibrosis transmembrane conductance regulator"	"Ion channel"	"P13569"	"CFTR"	"CFTR_HUMAN"	8.52	"EC50"	"Tclin"
"ivosidenib"	"FC1=CN=CC(=C1)N([C@H](C(=O)NC1CC(F)(F)C1)C1=CC=CC=C1Cl)C(=O)[C@@H]1CCC(=O)N1C1=NC=CC(=C1)C#N"	"Isocitrate dehydrogenase [NADP] cytoplasmic"	"Enzyme"	"O75874"	"IDH1"	"IDHC_HUMAN"	7.1487416513	"IC50"	"Tclin"
"ketotifen"	"CN1CCC(CC1)=C1C2=C(SC=C2)C(=O)CC2=C1C=CC=C2"	"Muscarinic acetylcholine receptor M3"	"GPCR"	"P20309"	"CHRM3"	"ACM3_HUMAN"	6.5771	"Ki"	"Tclin"
"lapatinib"	"CS(=O)(=O)CCNCC1=CC=C(O1)C1=CC=C2N=CN=C(NC3=CC(Cl)=C(OCC4=CC(F)=CC=C4)C=C3)C2=C1"	"Epidermal growth factor receptor"	"Kinase"	"P00533"	"EGFR"	"EGFR_HUMAN"	9.04	"Kd"	"Tclin"
"lenvatinib"	"COC1=CC2=C(C=C1C(N)=O)C(OC1=CC=C(NC(=O)NC3CC3)C(Cl)=C1)=CC=N2"	"Fibroblast growth factor receptor 1"	"Kinase"	"P11362"	"FGFR1"	"FGFR1_HUMAN"	7.337242126464844	"IC50"	"Tclin"
"lenvatinib"	"COC1=CC2=C(C=C1C(N)=O)C(OC1=CC=C(NC(=O)NC3CC3)C(Cl)=C1)=CC=N2"	"Platelet-derived growth factor receptor alpha"	"Kinase"	"P16234"	"PDGFRA"	"PGFRA_HUMAN"	7.2924299240112305	"IC50"	"Tclin"
"lenvatinib"	"COC1=CC2=C(C=C1C(N)=O)C(OC1=CC=C(NC(=O)NC3CC3)C(Cl)=C1)=CC=N2"	"Vascular endothelial growth factor receptor 2"	"Kinase"	"P35968"	"KDR"	"VGFR2_HUMAN"	8.397939682006836	"IC50"	"Tclin"
"lenvatinib"	"COC1=CC2=C(C=C1C(N)=O)C(OC1=CC=C(NC(=O)NC3CC3)C(Cl)=C1)=CC=N2"	"Vascular endothelial growth factor receptor 3"	"Kinase"	"P35916"	"FLT4"	"VGFR3_HUMAN"	8.28399658203125	"IC50"	"Tclin"
"lobeglitazone"	"COC1=CC=C(OC2=CC(=NC=N2)N(C)CCOC2=CC=C(CC3SC(=O)NC3=O)C=C2)C=C1"	"Peroxisome proliferator-activated receptor gamma"	"Nuclear hormone receptor"	"P37231"	"PPARG"	"PPARG_HUMAN"	7.744727611541748	"EC50"	"Tclin"
"lofepramine"	"CN(CCCN1C2=CC=CC=C2CCC2=C1C=CC=C2)CC(=O)C1=CC=C(Cl)C=C1"	"Muscarinic acetylcholine receptor M3"	"GPCR"	"P20309"	"CHRM3"	"ACM3_HUMAN"	6.8861	"Ki"	"Tclin"
"lomitapide"	"FC(F)(F)CNC(=O)C1(CCCCN2CCC(CC2)NC(=O)C2=C(C=CC=C2)C2=CC=C(C=C2)C(F)(F)F)C2=CC=CC=C2C2=C1C=CC=C2"	"Microsomal triglyceride transfer protein large subunit"	"Cytosolic other"	"P55157"	"MTTP"	"MTP_HUMAN"	8.09691	"IC50"	"Tclin"
"loxapine"	"CN1CCN(CC1)C1=NC2=C(OC3=CC=C(Cl)C=C13)C=CC=C2"	"Muscarinic acetylcholine receptor M3"	"GPCR"	"P20309"	"CHRM3"	"ACM3_HUMAN"	6.913640022277832	"Ki"	"Tclin"
"lumacaftor"	"CC1=CC=C(NC(=O)C2(CC2)C2=CC=C3OC(F)(F)OC3=C2)N=C1C1=CC=CC(=C1)C(O)=O"	"Cystic fibrosis transmembrane conductance regulator"	"Ion channel"	"P13569"	"CFTR"	"CFTR_HUMAN"	6.455932140350342	"EC50"	"Tclin"
"lusutrombopag"	"CCCCCCO[C@@H](C)C1=CC=CC(C2=CSC(NC(=O)C3=CC(Cl)=C(\C=C(/C)C(O)=O)C(Cl)=C3)=N2)=C1OC"	"Thrombopoietin receptor"	"Membrane receptor"	"P40238"	"MPL"	"TPOR_HUMAN"	7.0757207139	"EC50"	"Tclin"
"macitentan"	"CCCNS(=O)(=O)NC1=C(C(OCCOC2=NC=C(Br)C=N2)=NC=N1)C1=CC=C(Br)C=C1"	"Endothelin-1 receptor"	"GPCR"	"P25101"	"EDNRA"	"EDNRA_HUMAN"	9.301030158996582	"IC50"	"Tclin"
"maprotiline"	"CNCCCC12CCC(C3=CC=CC=C13)C1=C2C=CC=C1"	"Muscarinic acetylcholine receptor M3"	"GPCR"	"P20309"	"CHRM3"	"ACM3_HUMAN"	7.0	"Ki"	"Tclin"
"masoprocol"	"C[C@@H](CC1=CC(O)=C(O)C=C1)[C@H](C)CC1=CC(O)=C(O)C=C1"	"Insulin-like growth factor 1 receptor"	"Kinase"	"P08069"	"IGF1R"	"IGF1R_HUMAN"	6.05	"IC50"	"Tclin"
"mecasermin"	(null)	"Insulin-like growth factor 1 receptor"	"Kinase"	"P08069"	"IGF1R"	"IGF1R_HUMAN"	8.30980396270752	"IC50"	"Tclin"
"mefloquine"	"O[C@H]([C@H]1CCCCN1)C1=CC(=NC2=C(C=CC=C12)C(F)(F)F)C(F)(F)F"	"Adenosine receptor A2a"	"GPCR"	"P29274"	"ADORA2A"	"AA2AR_HUMAN"	6.909999847412109	"Ki"	"Tclin"
"mepacrine"	"CCN(CC)CCCC(C)NC1=C2C=C(OC)C=CC2=NC2=CC(Cl)=CC=C12"	"Muscarinic acetylcholine receptor M3"	"GPCR"	"P20309"	"CHRM3"	"ACM3_HUMAN"	6.575118363	"Ki"	"Tclin"
"mepenzolate"	"C[N+]1(C)CCCC(C1)OC(=O)C(O)(C1=CC=CC=C1)C1=CC=CC=C1"	"Muscarinic acetylcholine receptor M3"	"GPCR"	"P20309"	"CHRM3"	"ACM3_HUMAN"	8.59	"Ki"	"Tclin"
"mequitazine"	"C(C1CN2CCC1CC2)N1C2=CC=CC=C2SC2=CC=CC=C12"	"Muscarinic acetylcholine receptor M3"	"GPCR"	"P20309"	"CHRM3"	"ACM3_HUMAN"	8.27572413	"Ki"	"Tclin"
"mesoridazine"	"CN1CCCCC1CCN1C2=CC=CC=C2SC2=C1C=C(C=C2)S(C)=O"	"Muscarinic acetylcholine receptor M3"	"GPCR"	"P20309"	"CHRM3"	"ACM3_HUMAN"	7.045757293701172	"Ki"	"Tclin"
"methscopolamine"	"C[N+]1(C)[C@H]2C[C@@H](C[C@@H]1[C@H]1O[C@@H]21)OC(=O)[C@H](CO)C1=CC=CC=C1"	"Muscarinic acetylcholine receptor M3"	"GPCR"	"P20309"	"CHRM3"	"ACM3_HUMAN"	10.4	"Ki"	"Tclin"
"mianserin"	"CN1CCN2C(C1)C1=C(CC3=C2C=CC=C3)C=CC=C1"	"Muscarinic acetylcholine receptor M3"	"GPCR"	"P20309"	"CHRM3"	"ACM3_HUMAN"	6.525783736	"Ki"	"Tclin"
"miconazole"	"ClC1=CC(Cl)=C(COC(CN2C=CN=C2)C2=C(Cl)C=C(Cl)C=C2)C=C1"	"Muscarinic acetylcholine receptor M3"	"GPCR"	"P20309"	"CHRM3"	"ACM3_HUMAN"	6.175223538	"Ki"	"Tclin"
"midostaurin"	"CO[C@@H]1[C@@H](C[C@H]2O[C@]1(C)N1C3=CC=CC=C3C3=C4CNC(=O)C4=C4C5=CC=CC=C5N2C4=C13)N(C)C(=O)C1=CC=CC=C1"	"Casein kinase II subunit alpha"	"Kinase"	"P68400"	"CSNK2A1"	"CSK21_HUMAN"	6.6	"Kd"	"Tchem"
"midostaurin"	"CO[C@@H]1[C@@H](C[C@H]2O[C@]1(C)N1C3=CC=CC=C3C3=C4CNC(=O)C4=C4C5=CC=CC=C5N2C4=C13)N(C)C(=O)C1=CC=CC=C1"	"Dual specificity tyrosine-phosphorylation-regulated kinase 1A"	"Kinase"	"Q13627"	"DYRK1A"	"DYR1A_HUMAN"	7.0	"Kd"	"Tchem"
"midostaurin"	"CO[C@@H]1[C@@H](C[C@H]2O[C@]1(C)N1C3=CC=CC=C3C3=C4CNC(=O)C4=C4C5=CC=CC=C5N2C4=C13)N(C)C(=O)C1=CC=CC=C1"	"Epidermal growth factor receptor"	"Kinase"	"P00533"	"EGFR"	"EGFR_HUMAN"	8.06	"Kd"	"Tclin"
"midostaurin"	"CO[C@@H]1[C@@H](C[C@H]2O[C@]1(C)N1C3=CC=CC=C3C3=C4CNC(=O)C4=C4C5=CC=CC=C5N2C4=C13)N(C)C(=O)C1=CC=CC=C1"	"Eukaryotic translation initiation factor 2-alpha kinase 4"	"Kinase"	"Q9P2K8"	"EIF2AK4"	"E2AK4_HUMAN"	7.41	"Kd"	"Tchem"
"midostaurin"	"CO[C@@H]1[C@@H](C[C@H]2O[C@]1(C)N1C3=CC=CC=C3C3=C4CNC(=O)C4=C4C5=CC=CC=C5N2C4=C13)N(C)C(=O)C1=CC=CC=C1"	"Mitogen-activated protein kinase kinase kinase 7"	"Kinase"	"O43318"	"MAP3K7"	"M3K7_HUMAN"	6.89	"Kd"	"Tchem"
"midostaurin"	"CO[C@@H]1[C@@H](C[C@H]2O[C@]1(C)N1C3=CC=CC=C3C3=C4CNC(=O)C4=C4C5=CC=CC=C5N2C4=C13)N(C)C(=O)C1=CC=CC=C1"	"Myosin light chain kinase, smooth muscle"	"Kinase"	"Q15746"	"MYLK"	"MYLK_HUMAN"	6.66	"Kd"	"Tchem"
"midostaurin"	"CO[C@@H]1[C@@H](C[C@H]2O[C@]1(C)N1C3=CC=CC=C3C3=C4CNC(=O)C4=C4C5=CC=CC=C5N2C4=C13)N(C)C(=O)C1=CC=CC=C1"	"Phosphorylase b kinase gamma catalytic chain, liver/testis isoform"	"Kinase"	"P15735"	"PHKG2"	"PHKG2_HUMAN"	6.05	"Kd"	"Tchem"
"midostaurin"	"CO[C@@H]1[C@@H](C[C@H]2O[C@]1(C)N1C3=CC=CC=C3C3=C4CNC(=O)C4=C4C5=CC=CC=C5N2C4=C13)N(C)C(=O)C1=CC=CC=C1"	"Platelet-derived growth factor receptor alpha"	"Kinase"	"P16234"	"PDGFRA"	"PGFRA_HUMAN"	6.75	"Kd"	"Tclin"
"midostaurin"	"CO[C@@H]1[C@@H](C[C@H]2O[C@]1(C)N1C3=CC=CC=C3C3=C4CNC(=O)C4=C4C5=CC=CC=C5N2C4=C13)N(C)C(=O)C1=CC=CC=C1"	"Ribosomal protein S6 kinase alpha-3"	"Kinase"	"P51812"	"RPS6KA3"	"KS6A3_HUMAN"	6.13	"Kd"	"Tchem"
"midostaurin"	"CO[C@@H]1[C@@H](C[C@H]2O[C@]1(C)N1C3=CC=CC=C3C3=C4CNC(=O)C4=C4C5=CC=CC=C5N2C4=C13)N(C)C(=O)C1=CC=CC=C1"	"Serine/threonine-protein kinase 4"	"Kinase"	"Q13043"	"STK4"	"STK4_HUMAN"	7.77	"Kd"	"Tchem"
"midostaurin"	"CO[C@@H]1[C@@H](C[C@H]2O[C@]1(C)N1C3=CC=CC=C3C3=C4CNC(=O)C4=C4C5=CC=CC=C5N2C4=C13)N(C)C(=O)C1=CC=CC=C1"	"Serine/threonine-protein kinase SIK1"	"Kinase"	"P57059"	"SIK1"	"SIK1_HUMAN"	6.8	"Kd"	"Tchem"
"midostaurin"	"CO[C@@H]1[C@@H](C[C@H]2O[C@]1(C)N1C3=CC=CC=C3C3=C4CNC(=O)C4=C4C5=CC=CC=C5N2C4=C13)N(C)C(=O)C1=CC=CC=C1"	"Serine/threonine-protein kinase SIK3"	"Kinase"	"Q9Y2K2"	"SIK3"	"SIK3_HUMAN"	7.01	"Kd"	"Tchem"
"midostaurin"	"CO[C@@H]1[C@@H](C[C@H]2O[C@]1(C)N1C3=CC=CC=C3C3=C4CNC(=O)C4=C4C5=CC=CC=C5N2C4=C13)N(C)C(=O)C1=CC=CC=C1"	"Tyrosine-protein kinase ABL1"	"Kinase"	"P00519"	"ABL1"	"ABL1_HUMAN"	6.1	"Kd"	"Tclin"
"midostaurin"	"CO[C@@H]1[C@@H](C[C@H]2O[C@]1(C)N1C3=CC=CC=C3C3=C4CNC(=O)C4=C4C5=CC=CC=C5N2C4=C13)N(C)C(=O)C1=CC=CC=C1"	"Vascular endothelial growth factor receptor 2"	"Kinase"	"P35968"	"KDR"	"VGFR2_HUMAN"	6.6	"IC50"	"Tclin"
"midostaurin"	"CO[C@@H]1[C@@H](C[C@H]2O[C@]1(C)N1C3=CC=CC=C3C3=C4CNC(=O)C4=C4C5=CC=CC=C5N2C4=C13)N(C)C(=O)C1=CC=CC=C1"	"Vascular endothelial growth factor receptor 3"	"Kinase"	"P35916"	"FLT4"	"VGFR3_HUMAN"	6.17	"Kd"	"Tclin"
"midostaurin"	"CO[C@@H]1[C@@H](C[C@H]2O[C@]1(C)N1C3=CC=CC=C3C3=C4CNC(=O)C4=C4C5=CC=CC=C5N2C4=C13)N(C)C(=O)C1=CC=CC=C1"	"cAMP-dependent protein kinase catalytic subunit alpha"	"Kinase"	"P17612"	"PRKACA"	"KAPCA_HUMAN"	6.14	"Kd"	"Tchem"
"midostaurin"	"CO[C@@H]1[C@@H](C[C@H]2O[C@]1(C)N1C3=CC=CC=C3C3=C4CNC(=O)C4=C4C5=CC=CC=C5N2C4=C13)N(C)C(=O)C1=CC=CC=C1"	"cAMP-dependent protein kinase catalytic subunit beta"	"Kinase"	"P22694"	"PRKACB"	"KAPCB_HUMAN"	6.62	"Kd"	"Tchem"
"midostaurin"	"CO[C@@H]1[C@@H](C[C@H]2O[C@]1(C)N1C3=CC=CC=C3C3=C4CNC(=O)C4=C4C5=CC=CC=C5N2C4=C13)N(C)C(=O)C1=CC=CC=C1"	"cGMP-dependent protein kinase 1"	"Kinase"	"Q13976"	"PRKG1"	"KGP1_HUMAN"	6.6	"Kd"	"Tchem"
"migalastat"	"OC[C@H]1NC[C@H](O)[C@@H](O)[C@H]1O"	"Alpha-galactosidase A"	"Enzyme"	"P06280"	"GLA"	"AGAL_HUMAN"	7.150000095367432	"IC50"	"Tclin"
"miglitol"	"OCCN1C[C@H](O)[C@@H](O)[C@H](O)[C@H]1CO"	"Lysosomal alpha-glucosidase"	"Enzyme"	"P10253"	"GAA"	"LYAG_HUMAN"	6.46	"IC50"	"Tclin"
"miglustat"	"CCCCN1C[C@H](O)[C@@H](O)[C@H](O)[C@H]1CO"	"Lysosomal alpha-glucosidase"	"Enzyme"	"P10253"	"GAA"	"LYAG_HUMAN"	7.0	"IC50"	"Tclin"
"neratinib"	"CCOC1=CC2=NC=C(C#N)C(NC3=CC=C(OCC4=CC=CC=N4)C(Cl)=C3)=C2C=C1NC(=O)\C=C\CN(C)C"	"Dual specificity mitogen-activated protein kinase kinase 1"	"Kinase"	"Q02750"	"MAP2K1"	"MP2K1_HUMAN"	7.85	"Kd"	"Tclin"
"neratinib"	"CCOC1=CC2=NC=C(C#N)C(NC3=CC=C(OCC4=CC=CC=N4)C(Cl)=C3)=C2C=C1NC(=O)\C=C\CN(C)C"	"Dual specificity mitogen-activated protein kinase kinase 2"	"Kinase"	"P36507"	"MAP2K2"	"MP2K2_HUMAN"	7.59	"Kd"	"Tclin"
"neratinib"	"CCOC1=CC2=NC=C(C#N)C(NC3=CC=C(OCC4=CC=CC=N4)C(Cl)=C3)=C2C=C1NC(=O)\C=C\CN(C)C"	"Epidermal growth factor receptor"	"Kinase"	"P00533"	"EGFR"	"EGFR_HUMAN"	7.036211967468262	"IC50"	"Tclin"
"neratinib"	"CCOC1=CC2=NC=C(C#N)C(NC3=CC=C(OCC4=CC=CC=N4)C(Cl)=C3)=C2C=C1NC(=O)\C=C\CN(C)C"	"Eukaryotic translation initiation factor 2-alpha kinase 4"	"Kinase"	"Q9P2K8"	"EIF2AK4"	"E2AK4_HUMAN"	7.02	"Kd"	"Tchem"
"neratinib"	"CCOC1=CC2=NC=C(C#N)C(NC3=CC=C(OCC4=CC=CC=N4)C(Cl)=C3)=C2C=C1NC(=O)\C=C\CN(C)C"	"Receptor tyrosine-protein kinase erbB-3"	"Kinase"	"P21860"	"ERBB3"	"ERBB3_HUMAN"	8.11	"Kd"	"Tchem"
"neratinib"	"CCOC1=CC2=NC=C(C#N)C(NC3=CC=C(OCC4=CC=CC=N4)C(Cl)=C3)=C2C=C1NC(=O)\C=C\CN(C)C"	"Serine/threonine-protein kinase 4"	"Kinase"	"Q13043"	"STK4"	"STK4_HUMAN"	6.57	"Kd"	"Tchem"
"neratinib"	"CCOC1=CC2=NC=C(C#N)C(NC3=CC=C(OCC4=CC=CC=N4)C(Cl)=C3)=C2C=C1NC(=O)\C=C\CN(C)C"	"Serine/threonine-protein kinase SIK1"	"Kinase"	"P57059"	"SIK1"	"SIK1_HUMAN"	6.66	"Kd"	"Tchem"
"neratinib"	"CCOC1=CC2=NC=C(C#N)C(NC3=CC=C(OCC4=CC=CC=N4)C(Cl)=C3)=C2C=C1NC(=O)\C=C\CN(C)C"	"Tyrosine-protein kinase BTK"	"Kinase"	"Q06187"	"BTK"	"BTK_HUMAN"	6.8	"Kd"	"Tclin"
"neratinib"	"CCOC1=CC2=NC=C(C#N)C(NC3=CC=C(OCC4=CC=CC=N4)C(Cl)=C3)=C2C=C1NC(=O)\C=C\CN(C)C"	"Vascular endothelial growth factor receptor 2"	"Kinase"	"P35968"	"KDR"	"VGFR2_HUMAN"	6.07	"IC50"	"Tclin"
"niclosamide"	"OC1=C(C=C(Cl)C=C1)C(=O)NC1=C(Cl)C=C(C=C1)[N+]([O-])=O"	"Signal transducer and activator of transcription 3"	"Transcription factor"	"P40763"	"STAT3"	"STAT3_HUMAN"	6.6	"IC50"	"Tchem"
"nifedipine"	"COC(=O)C1=C(C)NC(C)=C(C1C1=C(C=CC=C1)[N+]([O-])=O)C(=O)OC"	"Voltage-dependent L-type calcium channel subunit alpha-1C"	"Ion channel"	"Q13936"	"CACNA1C"	"CAC1C_HUMAN"	9.4	"Kd"	"Tclin"
"nifedipine"	"COC(=O)C1=C(C)NC(C)=C(C1C1=C(C=CC=C1)[N+]([O-])=O)C(=O)OC"	"Voltage-dependent L-type calcium channel subunit alpha-1D"	"Ion channel"	"Q01668"	"CACNA1D"	"CAC1D_HUMAN"	7.7	"IC50"	"Tclin"
"nifedipine"	"COC(=O)C1=C(C)NC(C)=C(C1C1=C(C=CC=C1)[N+]([O-])=O)C(=O)OC"	"Voltage-dependent L-type calcium channel subunit alpha-1S"	"Ion channel"	"Q13698"	"CACNA1S"	"CAC1S_HUMAN"	6.3	"IC50"	"Tclin"
"niflumic acid"	"OC(=O)C1=C(NC2=CC(=CC=C2)C(F)(F)F)N=CC=C1"	"Transthyretin"	"Secreted"	"P02766"	"TTR"	"TTHY_HUMAN"	6.59	"Kd"	"Tclin"
"nilotinib"	"CC1=CN(C=N1)C1=CC(=CC(NC(=O)C2=CC(NC3=NC=CC(=N3)C3=CN=CC=C3)=C(C)C=C2)=C1)C(F)(F)F"	"Ephrin type-B receptor 4"	"Kinase"	"P54760"	"EPHB4"	"EPHB4_HUMAN"	6.14	"Kd"	"Tchem"
"nilotinib"	"CC1=CN(C=N1)C1=CC(=CC(NC(=O)C2=CC(NC3=NC=CC(=N3)C3=CN=CC=C3)=C(C)C=C2)=C1)C(F)(F)F"	"Platelet-derived growth factor receptor alpha"	"Kinase"	"P16234"	"PDGFRA"	"PGFRA_HUMAN"	7.13	"Kd"	"Tclin"
"nilotinib"	"CC1=CN(C=N1)C1=CC(=CC(NC(=O)C2=CC(NC3=NC=CC(=N3)C3=CN=CC=C3)=C(C)C=C2)=C1)C(F)(F)F"	"Serine/threonine-protein kinase B-raf"	"Kinase"	"P15056"	"BRAF"	"BRAF_HUMAN"	6.24	"Kd"	"Tclin"
"nilotinib"	"CC1=CN(C=N1)C1=CC(=CC(NC(=O)C2=CC(NC3=NC=CC(=N3)C3=CN=CC=C3)=C(C)C=C2)=C1)C(F)(F)F"	"Serine/threonine-protein kinase TNNI3K"	"Kinase"	"Q59H18"	"TNNI3K"	"TNI3K_HUMAN"	6.44	"Kd"	"Tchem"
"nilotinib"	"CC1=CN(C=N1)C1=CC(=CC(NC(=O)C2=CC(NC3=NC=CC(=N3)C3=CN=CC=C3)=C(C)C=C2)=C1)C(F)(F)F"	"Tyrosine-protein kinase ABL1"	"Kinase"	"P00519"	"ABL1"	"ABL1_HUMAN"	8.44	"Kd"	"Tclin"
"nintedanib"	"COC(=O)C1=CC2=C(C=C1)\C(=C(\NC1=CC=C(C=C1)N(C)C(=O)CN1CCN(C)CC1)C1=CC=CC=C1)C(=O)N2"	"Bone morphogenetic protein receptor type-2"	"Kinase"	"Q13873"	"BMPR2"	"BMPR2_HUMAN"	7.25	"Kd"	"Tchem"
"nintedanib"	"COC(=O)C1=CC2=C(C=C1)\C(=C(\NC1=CC=C(C=C1)N(C)C(=O)CN1CCN(C)CC1)C1=CC=CC=C1)C(=O)N2"	"Dual specificity mitogen-activated protein kinase kinase 1"	"Kinase"	"Q02750"	"MAP2K1"	"MP2K1_HUMAN"	8.0	"Kd"	"Tclin"
"nintedanib"	"COC(=O)C1=CC2=C(C=C1)\C(=C(\NC1=CC=C(C=C1)N(C)C(=O)CN1CCN(C)CC1)C1=CC=CC=C1)C(=O)N2"	"Dual specificity mitogen-activated protein kinase kinase 2"	"Kinase"	"P36507"	"MAP2K2"	"MP2K2_HUMAN"	7.38	"Kd"	"Tclin"
"nintedanib"	"COC(=O)C1=CC2=C(C=C1)\C(=C(\NC1=CC=C(C=C1)N(C)C(=O)CN1CCN(C)CC1)C1=CC=CC=C1)C(=O)N2"	"Fibroblast growth factor receptor 1"	"Kinase"	"P11362"	"FGFR1"	"FGFR1_HUMAN"	7.4202165603637695	"IC50"	"Tclin"
"nintedanib"	"COC(=O)C1=CC2=C(C=C1)\C(=C(\NC1=CC=C(C=C1)N(C)C(=O)CN1CCN(C)CC1)C1=CC=CC=C1)C(=O)N2"	"Fibroblast growth factor receptor 2"	"Kinase"	"P21802"	"FGFR2"	"FGFR2_HUMAN"	6.46	"Kd"	"Tclin"
"nintedanib"	"COC(=O)C1=CC2=C(C=C1)\C(=C(\NC1=CC=C(C=C1)N(C)C(=O)CN1CCN(C)CC1)C1=CC=CC=C1)C(=O)N2"	"Fibroblast growth factor receptor 3"	"Kinase"	"P22607"	"FGFR3"	"FGFR3_HUMAN"	7.03	"Kd"	"Tclin"
"nintedanib"	"COC(=O)C1=CC2=C(C=C1)\C(=C(\NC1=CC=C(C=C1)N(C)C(=O)CN1CCN(C)CC1)C1=CC=CC=C1)C(=O)N2"	"Insulin receptor"	"Kinase"	"P06213"	"INSR"	"INSR_HUMAN"	7.62	"Kd"	"Tclin"
"nintedanib"	"COC(=O)C1=CC2=C(C=C1)\C(=C(\NC1=CC=C(C=C1)N(C)C(=O)CN1CCN(C)CC1)C1=CC=CC=C1)C(=O)N2"	"Insulin-like growth factor 1 receptor"	"Kinase"	"P08069"	"IGF1R"	"IGF1R_HUMAN"	7.21	"Kd"	"Tclin"
"nintedanib"	"COC(=O)C1=CC2=C(C=C1)\C(=C(\NC1=CC=C(C=C1)N(C)C(=O)CN1CCN(C)CC1)C1=CC=CC=C1)C(=O)N2"	"Interleukin-1 receptor-associated kinase 1"	"Kinase"	"P51617"	"IRAK1"	"IRAK1_HUMAN"	6.92	"Kd"	"Tchem"
"nintedanib"	"COC(=O)C1=CC2=C(C=C1)\C(=C(\NC1=CC=C(C=C1)N(C)C(=O)CN1CCN(C)CC1)C1=CC=CC=C1)C(=O)N2"	"Mitogen-activated protein kinase kinase kinase 7"	"Kinase"	"O43318"	"MAP3K7"	"M3K7_HUMAN"	8.39	"Kd"	"Tchem"
"nintedanib"	"COC(=O)C1=CC2=C(C=C1)\C(=C(\NC1=CC=C(C=C1)N(C)C(=O)CN1CCN(C)CC1)C1=CC=CC=C1)C(=O)N2"	"Myosin light chain kinase, smooth muscle"	"Kinase"	"Q15746"	"MYLK"	"MYLK_HUMAN"	6.54	"Kd"	"Tchem"
"nintedanib"	"COC(=O)C1=CC2=C(C=C1)\C(=C(\NC1=CC=C(C=C1)N(C)C(=O)CN1CCN(C)CC1)C1=CC=CC=C1)C(=O)N2"	"Phosphorylase b kinase gamma catalytic chain, liver/testis isoform"	"Kinase"	"P15735"	"PHKG2"	"PHKG2_HUMAN"	6.59	"Kd"	"Tchem"
"nintedanib"	"COC(=O)C1=CC2=C(C=C1)\C(=C(\NC1=CC=C(C=C1)N(C)C(=O)CN1CCN(C)CC1)C1=CC=CC=C1)C(=O)N2"	"Platelet-derived growth factor receptor alpha"	"Kinase"	"P16234"	"PDGFRA"	"PGFRA_HUMAN"	7.744727611541748	"IC50"	"Tclin"
"nintedanib"	"COC(=O)C1=CC2=C(C=C1)\C(=C(\NC1=CC=C(C=C1)N(C)C(=O)CN1CCN(C)CC1)C1=CC=CC=C1)C(=O)N2"	"Receptor-interacting serine/threonine-protein kinase 4"	"Kinase"	"P57078"	"RIPK4"	"RIPK4_HUMAN"	6.36	"Kd"	"Tchem"
"nintedanib"	"COC(=O)C1=CC2=C(C=C1)\C(=C(\NC1=CC=C(C=C1)N(C)C(=O)CN1CCN(C)CC1)C1=CC=CC=C1)C(=O)N2"	"Ribosomal protein S6 kinase alpha-3"	"Kinase"	"P51812"	"RPS6KA3"	"KS6A3_HUMAN"	7.19	"Kd"	"Tchem"
"nintedanib"	"COC(=O)C1=CC2=C(C=C1)\C(=C(\NC1=CC=C(C=C1)N(C)C(=O)CN1CCN(C)CC1)C1=CC=CC=C1)C(=O)N2"	"Serine/threonine-protein kinase 4"	"Kinase"	"Q13043"	"STK4"	"STK4_HUMAN"	8.05	"Kd"	"Tchem"
"nintedanib"	"COC(=O)C1=CC2=C(C=C1)\C(=C(\NC1=CC=C(C=C1)N(C)C(=O)CN1CCN(C)CC1)C1=CC=CC=C1)C(=O)N2"	"Serine/threonine-protein kinase SIK1"	"Kinase"	"P57059"	"SIK1"	"SIK1_HUMAN"	6.17	"Kd"	"Tchem"
"nintedanib"	"COC(=O)C1=CC2=C(C=C1)\C(=C(\NC1=CC=C(C=C1)N(C)C(=O)CN1CCN(C)CC1)C1=CC=CC=C1)C(=O)N2"	"Tyrosine-protein kinase ABL1"	"Kinase"	"P00519"	"ABL1"	"ABL1_HUMAN"	8.0	"Kd"	"Tclin"
"nintedanib"	"COC(=O)C1=CC2=C(C=C1)\C(=C(\NC1=CC=C(C=C1)N(C)C(=O)CN1CCN(C)CC1)C1=CC=CC=C1)C(=O)N2"	"Tyrosine-protein kinase BTK"	"Kinase"	"Q06187"	"BTK"	"BTK_HUMAN"	6.51	"Kd"	"Tclin"
"nintedanib"	"COC(=O)C1=CC2=C(C=C1)\C(=C(\NC1=CC=C(C=C1)N(C)C(=O)CN1CCN(C)CC1)C1=CC=CC=C1)C(=O)N2"	"Tyrosine-protein kinase ITK/TSK"	"Kinase"	"Q08881"	"ITK"	"ITK_HUMAN"	6.68	"Kd"	"Tclin"
"nintedanib"	"COC(=O)C1=CC2=C(C=C1)\C(=C(\NC1=CC=C(C=C1)N(C)C(=O)CN1CCN(C)CC1)C1=CC=CC=C1)C(=O)N2"	"Vascular endothelial growth factor receptor 2"	"Kinase"	"P35968"	"KDR"	"VGFR2_HUMAN"	8.301030158996582	"IC50"	"Tclin"
"nintedanib"	"COC(=O)C1=CC2=C(C=C1)\C(=C(\NC1=CC=C(C=C1)N(C)C(=O)CN1CCN(C)CC1)C1=CC=CC=C1)C(=O)N2"	"Vascular endothelial growth factor receptor 3"	"Kinase"	"P35916"	"FLT4"	"VGFR3_HUMAN"	8.301030158996582	"IC50"	"Tclin"
"nintedanib"	"COC(=O)C1=CC2=C(C=C1)\C(=C(\NC1=CC=C(C=C1)N(C)C(=O)CN1CCN(C)CC1)C1=CC=CC=C1)C(=O)N2"	"cGMP-dependent protein kinase 1"	"Kinase"	"Q13976"	"PRKG1"	"KGP1_HUMAN"	7.85	"Kd"	"Tchem"
"nisoldipine"	"COC(=O)C1=C(C)NC(C)=C(C1C1=C(C=CC=C1)[N+]([O-])=O)C(=O)OCC(C)C"	"Voltage-dependent L-type calcium channel subunit alpha-1C"	"Ion channel"	"Q13936"	"CACNA1C"	"CAC1C_HUMAN"	7.1	"IC50"	"Tclin"
"nitrendipine"	"CCOC(=O)C1=C(C)NC(C)=C(C1C1=CC(=CC=C1)[N+]([O-])=O)C(=O)OC"	"Voltage-dependent L-type calcium channel subunit alpha-1D"	"Ion channel"	"Q01668"	"CACNA1D"	"CAC1D_HUMAN"	8.4	"IC50"	"Tclin"
"nortriptyline"	"CNCCC=C1C2=CC=CC=C2CCC2=C1C=CC=C2"	"Muscarinic acetylcholine receptor M3"	"GPCR"	"P20309"	"CHRM3"	"ACM3_HUMAN"	7.301	"Ki"	"Tclin"
"olanzapine"	"CN1CCN(CC1)C1=NC2=CC=CC=C2NC2=C1C=C(C)S2"	"Muscarinic acetylcholine receptor M3"	"GPCR"	"P20309"	"CHRM3"	"ACM3_HUMAN"	7.136	"Ki"	"Tclin"
"olaratumab"	(null)	"Platelet-derived growth factor receptor alpha"	"Kinase"	"P16234"	"PDGFRA"	"PGFRA_HUMAN"	10.4	"Kd"	"Tclin"
"olmutinib"	"CN1CCN(CC1)C1=CC=C(NC2=NC3=C(SC=C3)C(OC3=CC=CC(NC(=O)C=C)=C3)=N2)C=C1"	"Epidermal growth factor receptor"	"Kinase"	"P00533"	"EGFR"	"EGFR_HUMAN"	8.036211967468262	"IC50"	"Tclin"
"opicapone"	"CC1=C(C2=NOC(=N2)C2=CC(O)=C(O)C(=C2)[N+]([O-])=O)C(Cl)=[N+]([O-])C(C)=C1Cl"	"Catechol O-methyltransferase"	"Enzyme"	"P21964"	"COMT"	"COMT_HUMAN"	9.0	"Ki"	"Tclin"
"opipramol"	"OCCN1CCN(CCCN2C3=CC=CC=C3C=CC3=C2C=CC=C3)CC1"	"3-beta-hydroxysteroid-Delta(8),Delta(7)-isomerase"	"Enzyme"	"Q15125"	"EBP"	"EBP_HUMAN"	7.89	"Ki"	"Tchem"
"orphenadrine"	"CN(C)CCOC(C1=CC=CC=C1)C1=C(C)C=CC=C1"	"Muscarinic acetylcholine receptor M3"	"GPCR"	"P20309"	"CHRM3"	"ACM3_HUMAN"	7.431798276	"Ki"	"Tclin"
"osimertinib"	"COC1=C(NC2=NC=CC(=N2)C2=CN(C)C3=C2C=CC=C3)C=C(NC(=O)C=C)C(=C1)N(C)CCN(C)C"	"Epidermal growth factor receptor"	"Kinase"	"P00533"	"EGFR"	"EGFR_HUMAN"	7.823908805847168	"IC50"	"Tclin"
"osimertinib"	"COC1=C(NC2=NC=CC(=N2)C2=CN(C)C3=C2C=CC=C3)C=C(NC(=O)C=C)C(=C1)N(C)CCN(C)C"	"Insulin receptor"	"Kinase"	"P06213"	"INSR"	"INSR_HUMAN"	6.039999961853027	"IC50"	"Tclin"
"oxiconazole"	"ClC1=CC(Cl)=C(CO\N=C(/CN2C=CN=C2)C2=C(Cl)C=C(Cl)C=C2)C=C1"	"Muscarinic acetylcholine receptor M3"	"GPCR"	"P20309"	"CHRM3"	"ACM3_HUMAN"	6.017547849	"Ki"	"Tclin"
"oxybutynin"	"CCN(CC)CC#CCOC(=O)C(O)(C1CCCCC1)C1=CC=CC=C1"	"Muscarinic acetylcholine receptor M3"	"GPCR"	"P20309"	"CHRM3"	"ACM3_HUMAN"	9.11	"Ki"	"Tclin"
"panitumumab"	(null)	"Epidermal growth factor receptor"	"Kinase"	"P00533"	"EGFR"	"EGFR_HUMAN"	10.3	"Kd"	"Tclin"
"panobinostat"	"CC1=C(CCNCC2=CC=C(\C=C\C(=O)NO)C=C2)C2=CC=CC=C2N1"	"Histone deacetylase 4"	"Enzyme"	"P56524"	"HDAC4"	"HDAC4_HUMAN"	9.22	"Ki"	"Tclin"
"panobinostat"	"CC1=C(CCNCC2=CC=C(\C=C\C(=O)NO)C=C2)C2=CC=CC=C2N1"	"Histone deacetylase 8"	"Enzyme"	"Q9BY41"	"HDAC8"	"HDAC8_HUMAN"	7.66	"Ki"	"Tclin"
"paroxetine"	"FC1=CC=C(C=C1)[C@@H]1CCNC[C@H]1COC1=CC2=C(OCO2)C=C1"	"Muscarinic acetylcholine receptor M3"	"GPCR"	"P20309"	"CHRM3"	"ACM3_HUMAN"	7.420216403	"Ki"	"Tclin"
"pazopanib"	"CN(C1=CC2=NN(C)C(C)=C2C=C1)C1=NC(NC2=CC(=C(C)C=C2)S(N)(=O)=O)=NC=C1"	"Fibroblast growth factor receptor 2"	"Kinase"	"P21802"	"FGFR2"	"FGFR2_HUMAN"	6.68	"Kd"	"Tclin"
"pazopanib"	"CN(C1=CC2=NN(C)C(C)=C2C=C1)C1=NC(NC2=CC(=C(C)C=C2)S(N)(=O)=O)=NC=C1"	"Fibroblast growth factor receptor 3"	"Kinase"	"P22607"	"FGFR3"	"FGFR3_HUMAN"	6.21	"Kd"	"Tclin"
"pazopanib"	"CN(C1=CC2=NN(C)C(C)=C2C=C1)C1=NC(NC2=CC(=C(C)C=C2)S(N)(=O)=O)=NC=C1"	"LIM domain kinase 1"	"Kinase"	"P53667"	"LIMK1"	"LIMK1_HUMAN"	6.14	"Kd"	"Tchem"
"pazopanib"	"CN(C1=CC2=NN(C)C(C)=C2C=C1)C1=NC(NC2=CC(=C(C)C=C2)S(N)(=O)=O)=NC=C1"	"Platelet-derived growth factor receptor alpha"	"Kinase"	"P16234"	"PDGFRA"	"PGFRA_HUMAN"	8.31	"Kd"	"Tclin"
"pazopanib"	"CN(C1=CC2=NN(C)C(C)=C2C=C1)C1=NC(NC2=CC(=C(C)C=C2)S(N)(=O)=O)=NC=C1"	"RAF proto-oncogene serine/threonine-protein kinase"	"Kinase"	"P04049"	"RAF1"	"RAF1_HUMAN"	6.05	"Kd"	"Tclin"
"pazopanib"	"CN(C1=CC2=NN(C)C(C)=C2C=C1)C1=NC(NC2=CC(=C(C)C=C2)S(N)(=O)=O)=NC=C1"	"Serine/threonine-protein kinase 36"	"Kinase"	"Q9NRP7"	"STK36"	"STK36_HUMAN"	6.33	"Kd"	"Tbio"
"pazopanib"	"CN(C1=CC2=NN(C)C(C)=C2C=C1)C1=NC(NC2=CC(=C(C)C=C2)S(N)(=O)=O)=NC=C1"	"Serine/threonine-protein kinase B-raf"	"Kinase"	"P15056"	"BRAF"	"BRAF_HUMAN"	6.37	"Kd"	"Tclin"
"pazopanib"	"CN(C1=CC2=NN(C)C(C)=C2C=C1)C1=NC(NC2=CC(=C(C)C=C2)S(N)(=O)=O)=NC=C1"	"Serine/threonine-protein kinase TAO1"	"Kinase"	"Q7L7X3"	"TAOK1"	"TAOK1_HUMAN"	6.62	"Kd"	"Tbio"
"pazopanib"	"CN(C1=CC2=NN(C)C(C)=C2C=C1)C1=NC(NC2=CC(=C(C)C=C2)S(N)(=O)=O)=NC=C1"	"Tyrosine-protein kinase ABL1"	"Kinase"	"P00519"	"ABL1"	"ABL1_HUMAN"	6.42	"Kd"	"Tclin"
"pazopanib"	"CN(C1=CC2=NN(C)C(C)=C2C=C1)C1=NC(NC2=CC(=C(C)C=C2)S(N)(=O)=O)=NC=C1"	"Vascular endothelial growth factor receptor 2"	"Kinase"	"P35968"	"KDR"	"VGFR2_HUMAN"	7.85	"Kd"	"Tclin"
"pazopanib"	"CN(C1=CC2=NN(C)C(C)=C2C=C1)C1=NC(NC2=CC(=C(C)C=C2)S(N)(=O)=O)=NC=C1"	"Vascular endothelial growth factor receptor 3"	"Kinase"	"P35916"	"FLT4"	"VGFR3_HUMAN"	7.57	"Kd"	"Tclin"
"pecazine"	"CN1CCCC(CN2C3=CC=CC=C3SC3=CC=CC=C23)C1"	"Muscarinic acetylcholine receptor M3"	"GPCR"	"P20309"	"CHRM3"	"ACM3_HUMAN"	7.397940009	"Ki"	"Tclin"
"pemigatinib"	"CCN1C(=O)N(CC2=CN=C3NC(CN4CCOCC4)=CC3=C12)C1=C(F)C(OC)=CC(OC)=C1F"	"Fibroblast growth factor receptor 1"	"Kinase"	"P11362"	"FGFR1"	"FGFR1_HUMAN"	9.4	"IC50"	"Tclin"
"pemigatinib"	"CCN1C(=O)N(CC2=CN=C3NC(CN4CCOCC4)=CC3=C12)C1=C(F)C(OC)=CC(OC)=C1F"	"Fibroblast growth factor receptor 2"	"Kinase"	"P21802"	"FGFR2"	"FGFR2_HUMAN"	9.3	"IC50"	"Tclin"
"pemigatinib"	"CCN1C(=O)N(CC2=CN=C3NC(CN4CCOCC4)=CC3=C12)C1=C(F)C(OC)=CC(OC)=C1F"	"Fibroblast growth factor receptor 3"	"Kinase"	"P22607"	"FGFR3"	"FGFR3_HUMAN"	9.0	"IC50"	"Tclin"
"perhexiline"	"C(C(C1CCCCC1)C1CCCCC1)C1CCCCN1"	"Muscarinic acetylcholine receptor M3"	"GPCR"	"P20309"	"CHRM3"	"ACM3_HUMAN"	6.179798541	"Ki"	"Tclin"
"pilocarpine"	"CC[C@H]1[C@@H](CC2=CN=CN2C)COC1=O"	"Muscarinic acetylcholine receptor M3"	"GPCR"	"P20309"	"CHRM3"	"ACM3_HUMAN"	6.96999979019165	"EC50"	"Tclin"
"pioglitazone"	"CCC1=CC=C(CCOC2=CC=C(CC3SC(=O)NC3=O)C=C2)N=C1"	"Peroxisome proliferator-activated receptor gamma"	"Nuclear hormone receptor"	"P37231"	"PPARG"	"PPARG_HUMAN"	6.23	"EC50"	"Tclin"
"pirenzepine"	"CN1CCN(CC(=O)N2C3=CC=CC=C3C(=O)NC3=C2N=CC=C3)CC1"	"Muscarinic acetylcholine receptor M3"	"GPCR"	"P20309"	"CHRM3"	"ACM3_HUMAN"	6.61	"Ki"	"Tclin"
"plerixafor"	"C(N1CCCNCCNCCCNCC1)C1=CC=C(CN2CCCNCCNCCCNCC2)C=C1"	"C-X-C chemokine receptor type 4"	"GPCR"	"P61073"	"CXCR4"	"CXCR4_HUMAN"	6.05	"Ki"	"Tclin"
"polythiazide"	"CN1C(CSCC(F)(F)F)NC2=C(C=C(C(Cl)=C2)S(N)(=O)=O)S1(=O)=O"	"Solute carrier family 12 member 3"	"Transporter"	"P55017"	"SLC12A3"	"S12A3_HUMAN"	9.09	"A2"	"Tclin"
"ponatinib"	"CN1CCN(CC2=CC=C(NC(=O)C3=CC=C(C)C(=C3)C#CC3=CN=C4C=CC=NN34)C=C2C(F)(F)F)CC1"	"Cyclin-dependent kinase 8"	"Kinase"	"P49336"	"CDK8"	"CDK8_HUMAN"	8.17	"Kd"	"Tchem"
"ponatinib"	"CN1CCN(CC2=CC=C(NC(=O)C3=CC=C(C)C(=C3)C#CC3=CN=C4C=CC=NN34)C=C2C(F)(F)F)CC1"	"Fibroblast growth factor receptor 1"	"Kinase"	"P11362"	"FGFR1"	"FGFR1_HUMAN"	8.657577514648438	"IC50"	"Tclin"
"ponatinib"	"CN1CCN(CC2=CC=C(NC(=O)C3=CC=C(C)C(=C3)C#CC3=CN=C4C=CC=NN34)C=C2C(F)(F)F)CC1"	"Platelet-derived growth factor receptor alpha"	"Kinase"	"P16234"	"PDGFRA"	"PGFRA_HUMAN"	8.95860767364502	"IC50"	"Tclin"
"ponatinib"	"CN1CCN(CC2=CC=C(NC(=O)C3=CC=C(C)C(=C3)C#CC3=CN=C4C=CC=NN34)C=C2C(F)(F)F)CC1"	"Tyrosine-protein kinase ABL1"	"Kinase"	"P00519"	"ABL1"	"ABL1_HUMAN"	9.431797981262207	"IC50"	"Tclin"
"ponatinib"	"CN1CCN(CC2=CC=C(NC(=O)C3=CC=C(C)C(=C3)C#CC3=CN=C4C=CC=NN34)C=C2C(F)(F)F)CC1"	"Vascular endothelial growth factor receptor 2"	"Kinase"	"P35968"	"KDR"	"VGFR2_HUMAN"	8.823908805847168	"IC50"	"Tclin"
"prednisolone"	"C[C@]12C[C@H](O)[C@H]3[C@@H](CCC4=CC(=O)C=C[C@]34C)[C@@H]1CC[C@]2(O)C(=O)CO"	"Disintegrin and metalloproteinase domain-containing protein 17"	"Unclassified"	"P78536"	"ADAM17"	"ADA17_HUMAN"	7.83	"IC50"	(null)
"prednisolone"	"C[C@]12C[C@H](O)[C@H]3[C@@H](CCC4=CC(=O)C=C[C@]34C)[C@@H]1CC[C@]2(O)C(=O)CO"	"Interleukin-6"	"Cytokine"	"P05231"	"IL6"	"IL6_HUMAN"	8.38	"IC50"	"Tclin"
"pridinol"	"OC(CCN1CCCCC1)(C1=CC=CC=C1)C1=CC=CC=C1"	"Muscarinic acetylcholine receptor M3"	"GPCR"	"P20309"	"CHRM3"	"ACM3_HUMAN"	8.193819999694824	"Ki"	"Tclin"
"prochlorperazine"	"CN1CCN(CCCN2C3=CC=CC=C3SC3=C2C=C(Cl)C=C3)CC1"	"Muscarinic acetylcholine receptor M3"	"GPCR"	"P20309"	"CHRM3"	"ACM3_HUMAN"	6.493494968	"Ki"	"Tclin"
"procyclidine"	"OC(CCN1CCCC1)(C1CCCCC1)C1=CC=CC=C1"	"Muscarinic acetylcholine receptor M3"	"GPCR"	"P20309"	"CHRM3"	"ACM3_HUMAN"	7.906578540802002	"Ki"	"Tclin"
"promazine"	"CN(C)CCCN1C2=CC=CC=C2SC2=C1C=CC=C2"	"Muscarinic acetylcholine receptor M3"	"GPCR"	"P20309"	"CHRM3"	"ACM3_HUMAN"	7.055517328	"Ki"	"Tclin"
"promethazine"	"CC(CN1C2=CC=CC=C2SC2=C1C=CC=C2)N(C)C"	"Muscarinic acetylcholine receptor M3"	"GPCR"	"P20309"	"CHRM3"	"ACM3_HUMAN"	8.381951903	"Ki"	"Tclin"
"propantheline"	"CC(C)[N+](C)(CCOC(=O)C1C2=CC=CC=C2OC2=C1C=CC=C2)C(C)C"	"Muscarinic acetylcholine receptor M3"	"GPCR"	"P20309"	"CHRM3"	"ACM3_HUMAN"	10.0	"Ki"	"Tclin"
"protriptyline"	"CNCCCC1C2=CC=CC=C2C=CC2=C1C=CC=C2"	"Muscarinic acetylcholine receptor M3"	"GPCR"	"P20309"	"CHRM3"	"ACM3_HUMAN"	7.0	"Ki"	"Tclin"
"quercetin"	"OC1=CC(O)=C2C(OC(=C(O)C2=O)C2=CC(O)=C(O)C=C2)=C1"	"Epidermal growth factor receptor"	"Kinase"	"P00533"	"EGFR"	"EGFR_HUMAN"	6.05	"IC50"	"Tclin"
"quercetin"	"OC1=CC(O)=C2C(OC(=C(O)C2=O)C2=CC(O)=C(O)C=C2)=C1"	"Insulin-like growth factor 1 receptor"	"Kinase"	"P08069"	"IGF1R"	"IGF1R_HUMAN"	6.52	"IC50"	"Tclin"
"quercetin"	"OC1=CC(O)=C2C(OC(=C(O)C2=O)C2=CC(O)=C(O)C=C2)=C1"	"Vascular endothelial growth factor receptor 2"	"Kinase"	"P35968"	"KDR"	"VGFR2_HUMAN"	6.55	"IC50"	"Tclin"
"racecadotril"	"CC(=O)SCC(CC1=CC=CC=C1)C(=O)NCC(=O)OCC1=CC=CC=C1"	"Endothelin-converting enzyme 1"	"Unclassified"	"P42892"	"ECE1"	"ECE1_HUMAN"	8.1	"IC50"	(null)
"radotinib"	"CC1=CN(C=N1)C1=CC(NC(=O)C2=CC=C(C)C(NC3=NC=CC(=N3)C3=CN=CC=N3)=C2)=CC(=C1)C(F)(F)F"	"Tyrosine-protein kinase ABL1"	"Kinase"	"P00519"	"ABL1"	"ABL1_HUMAN"	7.514278411865234	"IC50"	"Tclin"
"raloxifene"	"OC1=CC=C(C=C1)C1=C(C(=O)C2=CC=C(OCCN3CCCCC3)C=C2)C2=C(S1)C=C(O)C=C2"	"3-beta-hydroxysteroid-Delta(8),Delta(7)-isomerase"	"Enzyme"	"Q15125"	"EBP"	"EBP_HUMAN"	9.0	"Ki"	"Tchem"
"raloxifene"	"OC1=CC=C(C=C1)C1=C(C(=O)C2=CC=C(OCCN3CCCCC3)C=C2)C2=C(S1)C=C(O)C=C2"	"Interleukin-6"	"Cytokine"	"P05231"	"IL6"	"IL6_HUMAN"	8.05	"IC50"	"Tclin"
"raltegravir"	"CN1C(=O)C(O)=C(N=C1C(C)(C)NC(=O)C1=NN=C(C)O1)C(=O)NCC1=CC=C(F)C=C1"	"C-C chemokine receptor type 1"	"GPCR"	"P32246"	"CCR1"	"CCR1_HUMAN"	8.3	"Ki"	"Tchem"
"ramucirumab"	(null)	"Vascular endothelial growth factor receptor 2"	"Kinase"	"P35968"	"KDR"	"VGFR2_HUMAN"	10.3	"Kd"	"Tclin"
"regorafenib"	"CNC(=O)C1=CC(OC2=CC(F)=C(NC(=O)NC3=CC(=C(Cl)C=C3)C(F)(F)F)C=C2)=CC=N1"	"Serine/threonine-protein kinase B-raf"	"Kinase"	"P15056"	"BRAF"	"BRAF_HUMAN"	7.55	"IC50"	"Tclin"
"regorafenib"	"CNC(=O)C1=CC(OC2=CC(F)=C(NC(=O)NC3=CC(=C(Cl)C=C3)C(F)(F)F)C=C2)=CC=N1"	"Vascular endothelial growth factor receptor 2"	"Kinase"	"P35968"	"KDR"	"VGFR2_HUMAN"	7.9	"IC50"	"Tclin"
"repaglinide"	"CCOC1=C(C=CC(CC(=O)N[C@@H](CC(C)C)C2=C(C=CC=C2)N2CCCCC2)=C1)C(O)=O"	"ATP-binding cassette sub-family C member 8"	"Ion channel"	"Q09428"	"ABCC8"	"ABCC8_HUMAN"	7.300000190734863	"Kd"	"Tclin"
"revefenacin"	"CN(CCN1CCC(CC1)OC(=O)NC1=C(C=CC=C1)C1=CC=CC=C1)C(=O)C1=CC=C(CN2CCC(CC2)C(N)=O)C=C1"	"Muscarinic acetylcholine receptor M3"	"GPCR"	"P20309"	"CHRM3"	"ACM3_HUMAN"	9.75	"Ki"	"Tclin"
"rimegepant"	"N[C@H]1[C@@H](CC[C@@H](OC(=O)N2CCC(CC2)N2C(=O)NC3=NC=CC=C23)C2=NC=CC=C12)C1=C(F)C(F)=CC=C1"	"Calcitonin gene-related peptide type 1 receptor"	"GPCR"	"Q16602"	"CALCRL"	"CALRL_HUMAN"	10.56	"Ki"	"Tclin"
"romidepsin"	"C\C=C1/NC(=O)[C@H]2CSSCC\C=C\[C@H](CC(=O)N[C@H](C(C)C)C(=O)N2)OC(=O)[C@@H](NC1=O)C(C)C"	"Histone deacetylase 4"	"Enzyme"	"P56524"	"HDAC4"	"HDAC4_HUMAN"	6.2924	"IC50"	"Tclin"
"romidepsin"	"C\C=C1/NC(=O)[C@H]2CSSCC\C=C\[C@H](CC(=O)N[C@H](C(C)C)C(=O)N2)OC(=O)[C@@H](NC1=O)C(C)C"	"Histone deacetylase 8"	"Enzyme"	"Q9BY41"	"HDAC8"	"HDAC8_HUMAN"	9.82	"Ki"	"Tclin"
"rosiglitazone"	"CN(CCOC1=CC=C(CC2SC(=O)NC2=O)C=C1)C1=CC=CC=N1"	"Peroxisome proliferator-activated receptor gamma"	"Nuclear hormone receptor"	"P37231"	"PPARG"	"PPARG_HUMAN"	7.04	"EC50"	"Tclin"
"ruboxistaurin"	"CN(C)C[C@@H]1CCN2C=C(C3=CC=CC=C23)C2=C(C(=O)NC2=O)C2=CN(CCO1)C1=CC=CC=C21"	"Dual specificity tyrosine-phosphorylation-regulated kinase 1A"	"Kinase"	"Q13627"	"DYRK1A"	"DYR1A_HUMAN"	6.6	"Kd"	"Tchem"
"ruboxistaurin"	"CN(C)C[C@@H]1CCN2C=C(C3=CC=CC=C23)C2=C(C(=O)NC2=O)C2=CN(CCO1)C1=CC=CC=C21"	"Myosin light chain kinase, smooth muscle"	"Kinase"	"Q15746"	"MYLK"	"MYLK_HUMAN"	6.54	"Kd"	"Tchem"
"ruboxistaurin"	"CN(C)C[C@@H]1CCN2C=C(C3=CC=CC=C23)C2=C(C(=O)NC2=O)C2=CN(CCO1)C1=CC=CC=C21"	"Serine/threonine-protein kinase 4"	"Kinase"	"Q13043"	"STK4"	"STK4_HUMAN"	6.66	"Kd"	"Tchem"
"ruxolitinib"	"N#CC[C@H](C1CCCC1)N1C=C(C=N1)C1=C2C=CNC2=NC=N1"	"Bone morphogenetic protein receptor type-2"	"Kinase"	"Q13873"	"BMPR2"	"BMPR2_HUMAN"	6.03	"Kd"	"Tchem"
"ruxolitinib"	"N#CC[C@H](C1CCCC1)N1C=C(C=N1)C1=C2C=CNC2=NC=N1"	"Dual specificity tyrosine-phosphorylation-regulated kinase 1A"	"Kinase"	"Q13627"	"DYRK1A"	"DYR1A_HUMAN"	6.04	"Kd"	"Tchem"
"ruxolitinib"	"N#CC[C@H](C1CCCC1)N1C=C(C=N1)C1=C2C=CNC2=NC=N1"	"Interleukin-1 receptor-associated kinase 1"	"Kinase"	"P51617"	"IRAK1"	"IRAK1_HUMAN"	6.54	"Kd"	"Tchem"
"ruxolitinib"	"N#CC[C@H](C1CCCC1)N1C=C(C=N1)C1=C2C=CNC2=NC=N1"	"Mitogen-activated protein kinase kinase kinase 7"	"Kinase"	"O43318"	"MAP3K7"	"M3K7_HUMAN"	6.14	"Kd"	"Tchem"
"ruxolitinib"	"N#CC[C@H](C1CCCC1)N1C=C(C=N1)C1=C2C=CNC2=NC=N1"	"Myosin light chain kinase, smooth muscle"	"Kinase"	"Q15746"	"MYLK"	"MYLK_HUMAN"	6.44	"Kd"	"Tchem"
"sabcomeline"	"CO\N=C(/C#N)[C@H]1CN2CCC1CC2"	"Muscarinic acetylcholine receptor M3"	"GPCR"	"P20309"	"CHRM3"	"ACM3_HUMAN"	7.22	"IC50"	"Tclin"
"saroglitazar"	"CCO[C@@H](CC1=CC=C(OCCN2C(C)=CC=C2C2=CC=C(SC)C=C2)C=C1)C(O)=O"	"Peroxisome proliferator-activated receptor gamma"	"Nuclear hormone receptor"	"P37231"	"PPARG"	"PPARG_HUMAN"	8.522878646850586	"EC50"	"Tclin"
"scopolamine"	"CN1[C@H]2C[C@H](C[C@@H]1[C@H]1O[C@@H]21)OC(=O)[C@H](CO)C1=CC=CC=C1"	"Muscarinic acetylcholine receptor M3"	"GPCR"	"P20309"	"CHRM3"	"ACM3_HUMAN"	9.4	"Ki"	"Tclin"
"selumetinib"	"CN1C=NC2=C(F)C(NC3=CC=C(Br)C=C3Cl)=C(C=C12)C(=O)NOCCO"	"Dual specificity mitogen-activated protein kinase kinase 1"	"Kinase"	"Q02750"	"MAP2K1"	"MP2K1_HUMAN"	7.85	"IC50"	"Tclin"
"selumetinib"	"CN1C=NC2=C(F)C(NC3=CC=C(Br)C=C3Cl)=C(C=C12)C(=O)NOCCO"	"Dual specificity mitogen-activated protein kinase kinase 2"	"Kinase"	"P36507"	"MAP2K2"	"MP2K2_HUMAN"	7.85	"IC50"	"Tclin"
"seractide"	"CSCC[C@H](NC(=O)[C@H](CO)NC(=O)[C@H](CC1=CC=C(O)C=C1)NC(=O)[C@@H](N)CO)C(=O)N[C@@H](CCC(O)=O)C(=O)N[C@@H](CC1=CNC=N1)C(=O)N[C@@H](CC1=CC=CC=C1)C(=O)N[C@@H](CCCNC(N)=N)C(=O)N[C@@H](CC1=CNC2=C1C=CC=C2)C(=O)NCC(=O)N[C@@H](CCCCN)C(=O)N1CCC[C@H]1C(=O)N[C@@H](C(C)C)C(=O)NCC(=O)N[C@@H](CCCCN)C(=O)N[C@@H](CCCCN)C(=O)N[C@@H](CCCNC(N)=N)C(=O)N[C@@H](CCCNC(N)=N)C(=O)N1CCC[C@H]1C(=O)N[C@@H](C(C)C)C(=O)N[C@@H](CCCCN)C(=O)N[C@@H](C(C)C)C(=O)N[C@@H](CC1=CC=C(O)C=C1)C(=O)N1CCC[C@H]1C(=O)N[C@@H](CC(O)=O)C(=O)N[C@@H](C)C(=O)NCC(=O)N[C@@H](CCC(O)=O)C(=O)N[C@@H](CC(O)=O)C(=O)N[C@@H](CCC(N)=O)C(=O)N[C@@H](CO)C(=O)N[C@@H](C)C(=O)N[C@@H](CCC(O)=O)C(=O)N[C@@H](C)C(=O)N[C@@H](CC1=CC=CC=C1)C(=O)N1CCC[C@H]1C(=O)N[C@@H](CC(C)C)C(=O)N[C@@H](CCC(O)=O)C(=O)N[C@@H](CC1=CC=CC=C1)C(O)=O"	"Adrenocorticotropic hormone receptor"	"GPCR"	"Q01718"	"MC2R"	"ACTHR_HUMAN"	8.008773803710938	"Ki"	"Tclin"
"sildenafil"	"CCCC1=NN(C)C2=C1N=C(NC2=O)C1=CC(=CC=C1OCC)S(=O)(=O)N1CCN(C)CC1"	"Adenosine receptor A2a"	"GPCR"	"P29274"	"ADORA2A"	"AA2AR_HUMAN"	6.7	"Ki"	"Tclin"
"sitaxentan"	"CC1=NOC(NS(=O)(=O)C2=C(SC=C2)C(=O)CC2=CC3=C(OCO3)C=C2C)=C1Cl"	"Endothelin-1 receptor"	"GPCR"	"P25101"	"EDNRA"	"EDNRA_HUMAN"	9.37	"Ki"	"Tclin"
"sivelestat"	"CC(C)(C)C(=O)OC1=CC=C(C=C1)S(=O)(=O)NC1=C(C=CC=C1)C(=O)NCC(O)=O"	"Myeloblastin"	"Unclassified"	"P24158"	"PRTN3"	"PRTN3_HUMAN"	6.46999979019165	"IC50"	"Tchem"
"solifenacin"	"O=C(O[C@H]1CN2CCC1CC2)N1CCC2=CC=CC=C2[C@@H]1C1=CC=CC=C1"	"Muscarinic acetylcholine receptor M3"	"GPCR"	"P20309"	"CHRM3"	"ACM3_HUMAN"	6.88	"IC50"	"Tclin"
"sonidegib"	"C[C@H]1CN(C[C@@H](C)O1)C1=NC=C(NC(=O)C2=CC=CC(=C2C)C2=CC=C(OC(F)(F)F)C=C2)C=C1"	"Smoothened homolog"	"GPCR"	"Q99835"	"SMO"	"SMO_HUMAN"	8.221848487854004	"Ki"	"Tclin"
"sorafenib"	"CNC(=O)C1=CC(OC2=CC=C(NC(=O)NC3=CC=C(Cl)C(=C3)C(F)(F)F)C=C2)=CC=N1"	"Cyclin-dependent kinase 8"	"Kinase"	"P49336"	"CDK8"	"CDK8_HUMAN"	6.51	"Kd"	"Tchem"
"sorafenib"	"CNC(=O)C1=CC(OC2=CC=C(NC(=O)NC3=CC=C(Cl)C(=C3)C(F)(F)F)C=C2)=CC=N1"	"Mitogen-activated protein kinase 1"	"Kinase"	"P28482"	"MAPK1"	"MK01_HUMAN"	6.96	"IC50"	"Tchem"
"sorafenib"	"CNC(=O)C1=CC(OC2=CC=C(NC(=O)NC3=CC=C(Cl)C(=C3)C(F)(F)F)C=C2)=CC=N1"	"Mitogen-activated protein kinase kinase kinase 7"	"Kinase"	"O43318"	"MAP3K7"	"M3K7_HUMAN"	6.16	"Kd"	"Tchem"
"sorafenib"	"CNC(=O)C1=CC(OC2=CC=C(NC(=O)NC3=CC=C(Cl)C(=C3)C(F)(F)F)C=C2)=CC=N1"	"Platelet-derived growth factor receptor alpha"	"Kinase"	"P16234"	"PDGFRA"	"PGFRA_HUMAN"	7.21	"Kd"	"Tclin"
"sorafenib"	"CNC(=O)C1=CC(OC2=CC=C(NC(=O)NC3=CC=C(Cl)C(=C3)C(F)(F)F)C=C2)=CC=N1"	"RAF proto-oncogene serine/threonine-protein kinase"	"Kinase"	"P04049"	"RAF1"	"RAF1_HUMAN"	8.22	"Ki"	"Tclin"
"sorafenib"	"CNC(=O)C1=CC(OC2=CC=C(NC(=O)NC3=CC=C(Cl)C(=C3)C(F)(F)F)C=C2)=CC=N1"	"Serine/threonine-protein kinase B-raf"	"Kinase"	"P15056"	"BRAF"	"BRAF_HUMAN"	7.66	"Ki"	"Tclin"
"sorafenib"	"CNC(=O)C1=CC(OC2=CC=C(NC(=O)NC3=CC=C(Cl)C(=C3)C(F)(F)F)C=C2)=CC=N1"	"Serine/threonine-protein kinase TAO1"	"Kinase"	"Q7L7X3"	"TAOK1"	"TAOK1_HUMAN"	6.27	"Kd"	"Tbio"
"sorafenib"	"CNC(=O)C1=CC(OC2=CC=C(NC(=O)NC3=CC=C(Cl)C(=C3)C(F)(F)F)C=C2)=CC=N1"	"Serine/threonine-protein kinase TNNI3K"	"Kinase"	"Q59H18"	"TNNI3K"	"TNI3K_HUMAN"	6.55	"Kd"	"Tchem"
"sorafenib"	"CNC(=O)C1=CC(OC2=CC=C(NC(=O)NC3=CC=C(Cl)C(=C3)C(F)(F)F)C=C2)=CC=N1"	"Tyrosine-protein kinase ABL1"	"Kinase"	"P00519"	"ABL1"	"ABL1_HUMAN"	6.89	"Kd"	"Tclin"
"sorafenib"	"CNC(=O)C1=CC(OC2=CC=C(NC(=O)NC3=CC=C(Cl)C(=C3)C(F)(F)F)C=C2)=CC=N1"	"Vascular endothelial growth factor receptor 2"	"Kinase"	"P35968"	"KDR"	"VGFR2_HUMAN"	10.68	"Ki"	"Tclin"
"sorafenib"	"CNC(=O)C1=CC(OC2=CC=C(NC(=O)NC3=CC=C(Cl)C(=C3)C(F)(F)F)C=C2)=CC=N1"	"Vascular endothelial growth factor receptor 3"	"Kinase"	"P35916"	"FLT4"	"VGFR3_HUMAN"	7.8	"Kd"	"Tclin"
"stallimycin"	"CN1C=C(NC(=O)C2=CC(NC(=O)C3=CC(NC=O)=CN3C)=CN2C)C=C1C(=O)NCCC(N)=N"	"GTPase HRas"	"Cytosolic other"	"P01112"	"HRAS"	"RASH_HUMAN"	6.7	"IC50"	"Tchem"
"sulconazole"	"ClC1=CC=C(CS[C@@H](CN2C=CN=C2)C2=CC=C(Cl)C=C2Cl)C=C1"	"Muscarinic acetylcholine receptor M3"	"GPCR"	"P20309"	"CHRM3"	"ACM3_HUMAN"	6.142064735	"Ki"	"Tclin"
"sulfafurazole"	"CC1=NOC(NS(=O)(=O)C2=CC=C(N)C=C2)=C1C"	"Endothelin-1 receptor"	"GPCR"	"P25101"	"EDNRA"	"EDNRA_HUMAN"	6.11	"IC50"	"Tclin"
"sulfisoxazole acetyl"	"CC(=O)N(C1=C(C)C(C)=NO1)S(=O)(=O)C1=CC=C(N)C=C1"	"Endothelin-1 receptor"	"GPCR"	"P25101"	"EDNRA"	"EDNRA_HUMAN"	6.11	"IC50"	"Tclin"
"suloctidil"	"CCCCCCCCNC(C)C(O)C1=CC=C(SC(C)C)C=C1"	"Epidermal growth factor receptor"	"Kinase"	"P00533"	"EGFR"	"EGFR_HUMAN"	6.099960765	"IC50"	"Tclin"
"suloctidil"	"CCCCCCCCNC(C)C(O)C1=CC=C(SC(C)C)C=C1"	"Muscarinic acetylcholine receptor M3"	"GPCR"	"P20309"	"CHRM3"	"ACM3_HUMAN"	6.008773924	"Ki"	"Tclin"
"sunitinib"	"CCN(CC)CCNC(=O)C1=C(C)NC(\C=C2/C(=O)NC3=C2C=C(F)C=C3)=C1C"	"Bone morphogenetic protein receptor type-2"	"Kinase"	"Q13873"	"BMPR2"	"BMPR2_HUMAN"	6.24	"Kd"	"Tchem"
"sunitinib"	"CCN(CC)CCNC(=O)C1=C(C)NC(\C=C2/C(=O)NC3=C2C=C(F)C=C3)=C1C"	"Casein kinase II subunit alpha"	"Kinase"	"P68400"	"CSNK2A1"	"CSK21_HUMAN"	7.09	"Kd"	"Tchem"
"sunitinib"	"CCN(CC)CCNC(=O)C1=C(C)NC(\C=C2/C(=O)NC3=C2C=C(F)C=C3)=C1C"	"Dual specificity mitogen-activated protein kinase kinase 1"	"Kinase"	"Q02750"	"MAP2K1"	"MP2K1_HUMAN"	6.89	"Kd"	"Tclin"
"sunitinib"	"CCN(CC)CCNC(=O)C1=C(C)NC(\C=C2/C(=O)NC3=C2C=C(F)C=C3)=C1C"	"Dual specificity mitogen-activated protein kinase kinase 2"	"Kinase"	"P36507"	"MAP2K2"	"MP2K2_HUMAN"	6.96	"Kd"	"Tclin"
"sunitinib"	"CCN(CC)CCNC(=O)C1=C(C)NC(\C=C2/C(=O)NC3=C2C=C(F)C=C3)=C1C"	"Dual specificity tyrosine-phosphorylation-regulated kinase 1A"	"Kinase"	"Q13627"	"DYRK1A"	"DYR1A_HUMAN"	6.7	"Kd"	"Tchem"
"sunitinib"	"CCN(CC)CCNC(=O)C1=C(C)NC(\C=C2/C(=O)NC3=C2C=C(F)C=C3)=C1C"	"Epidermal growth factor receptor"	"Kinase"	"P00533"	"EGFR"	"EGFR_HUMAN"	6.07	"Kd"	"Tclin"
"sunitinib"	"CCN(CC)CCNC(=O)C1=C(C)NC(\C=C2/C(=O)NC3=C2C=C(F)C=C3)=C1C"	"Eukaryotic translation initiation factor 2-alpha kinase 4"	"Kinase"	"Q9P2K8"	"EIF2AK4"	"E2AK4_HUMAN"	6.74	"Kd"	"Tchem"
"sunitinib"	"CCN(CC)CCNC(=O)C1=C(C)NC(\C=C2/C(=O)NC3=C2C=C(F)C=C3)=C1C"	"Fibroblast growth factor receptor 1"	"Kinase"	"P11362"	"FGFR1"	"FGFR1_HUMAN"	6.28	"Kd"	"Tclin"
"sunitinib"	"CCN(CC)CCNC(=O)C1=C(C)NC(\C=C2/C(=O)NC3=C2C=C(F)C=C3)=C1C"	"Fibroblast growth factor receptor 2"	"Kinase"	"P21802"	"FGFR2"	"FGFR2_HUMAN"	6.28	"Kd"	"Tclin"
"sunitinib"	"CCN(CC)CCNC(=O)C1=C(C)NC(\C=C2/C(=O)NC3=C2C=C(F)C=C3)=C1C"	"Fibroblast growth factor receptor 3"	"Kinase"	"P22607"	"FGFR3"	"FGFR3_HUMAN"	6.54	"Kd"	"Tclin"
"sunitinib"	"CCN(CC)CCNC(=O)C1=C(C)NC(\C=C2/C(=O)NC3=C2C=C(F)C=C3)=C1C"	"Inhibitor of nuclear factor kappa-B kinase subunit alpha"	"Kinase"	"O15111"	"CHUK"	"IKKA_HUMAN"	6.28	"Kd"	"Tchem"
"sunitinib"	"CCN(CC)CCNC(=O)C1=C(C)NC(\C=C2/C(=O)NC3=C2C=C(F)C=C3)=C1C"	"Insulin receptor"	"Kinase"	"P06213"	"INSR"	"INSR_HUMAN"	6.74	"Kd"	"Tclin"
"sunitinib"	"CCN(CC)CCNC(=O)C1=C(C)NC(\C=C2/C(=O)NC3=C2C=C(F)C=C3)=C1C"	"Interleukin-1 receptor-associated kinase 1"	"Kinase"	"P51617"	"IRAK1"	"IRAK1_HUMAN"	7.85	"Kd"	"Tchem"
"sunitinib"	"CCN(CC)CCNC(=O)C1=C(C)NC(\C=C2/C(=O)NC3=C2C=C(F)C=C3)=C1C"	"Mitogen-activated protein kinase kinase kinase 7"	"Kinase"	"O43318"	"MAP3K7"	"M3K7_HUMAN"	7.03	"Kd"	"Tchem"
"sunitinib"	"CCN(CC)CCNC(=O)C1=C(C)NC(\C=C2/C(=O)NC3=C2C=C(F)C=C3)=C1C"	"Myosin light chain kinase 2, skeletal/cardiac muscle"	"Kinase"	"Q9H1R3"	"MYLK2"	"MYLK2_HUMAN"	7.31	"Kd"	"Tbio"
"sunitinib"	"CCN(CC)CCNC(=O)C1=C(C)NC(\C=C2/C(=O)NC3=C2C=C(F)C=C3)=C1C"	"Myosin light chain kinase, smooth muscle"	"Kinase"	"Q15746"	"MYLK"	"MYLK_HUMAN"	7.64	"Kd"	"Tchem"
"sunitinib"	"CCN(CC)CCNC(=O)C1=C(C)NC(\C=C2/C(=O)NC3=C2C=C(F)C=C3)=C1C"	"Phosphorylase b kinase gamma catalytic chain, liver/testis isoform"	"Kinase"	"P15735"	"PHKG2"	"PHKG2_HUMAN"	8.23	"Kd"	"Tchem"
"sunitinib"	"CCN(CC)CCNC(=O)C1=C(C)NC(\C=C2/C(=O)NC3=C2C=C(F)C=C3)=C1C"	"Platelet-derived growth factor receptor alpha"	"Kinase"	"P16234"	"PDGFRA"	"PGFRA_HUMAN"	6.958607196807861	"IC50"	"Tclin"
"sunitinib"	"CCN(CC)CCNC(=O)C1=C(C)NC(\C=C2/C(=O)NC3=C2C=C(F)C=C3)=C1C"	"Protein delta homolog 1"	"Unclassified"	"P80370"	"DLK1"	"DLK1_HUMAN"	7.0	"Kd"	"Tchem"
"sunitinib"	"CCN(CC)CCNC(=O)C1=C(C)NC(\C=C2/C(=O)NC3=C2C=C(F)C=C3)=C1C"	"Ribosomal protein S6 kinase alpha-3"	"Kinase"	"P51812"	"RPS6KA3"	"KS6A3_HUMAN"	7.26	"Kd"	"Tchem"
"sunitinib"	"CCN(CC)CCNC(=O)C1=C(C)NC(\C=C2/C(=O)NC3=C2C=C(F)C=C3)=C1C"	"Serine/threonine-protein kinase 4"	"Kinase"	"Q13043"	"STK4"	"STK4_HUMAN"	7.72	"Kd"	"Tchem"
"sunitinib"	"CCN(CC)CCNC(=O)C1=C(C)NC(\C=C2/C(=O)NC3=C2C=C(F)C=C3)=C1C"	"Serine/threonine-protein kinase TAO1"	"Kinase"	"Q7L7X3"	"TAOK1"	"TAOK1_HUMAN"	6.05	"Kd"	"Tbio"
"sunitinib"	"CCN(CC)CCNC(=O)C1=C(C)NC(\C=C2/C(=O)NC3=C2C=C(F)C=C3)=C1C"	"Tyrosine-protein kinase ABL1"	"Kinase"	"P00519"	"ABL1"	"ABL1_HUMAN"	7.26	"Kd"	"Tclin"
"sunitinib"	"CCN(CC)CCNC(=O)C1=C(C)NC(\C=C2/C(=O)NC3=C2C=C(F)C=C3)=C1C"	"Tyrosine-protein kinase ITK/TSK"	"Kinase"	"Q08881"	"ITK"	"ITK_HUMAN"	7.89	"Kd"	"Tclin"
"sunitinib"	"CCN(CC)CCNC(=O)C1=C(C)NC(\C=C2/C(=O)NC3=C2C=C(F)C=C3)=C1C"	"Vascular endothelial growth factor receptor 2"	"Kinase"	"P35968"	"KDR"	"VGFR2_HUMAN"	9.7	"Kd"	"Tclin"
"sunitinib"	"CCN(CC)CCNC(=O)C1=C(C)NC(\C=C2/C(=O)NC3=C2C=C(F)C=C3)=C1C"	"Vascular endothelial growth factor receptor 3"	"Kinase"	"P35916"	"FLT4"	"VGFR3_HUMAN"	7.77	"Ki"	"Tclin"
"tacrolimus"	"CO[C@@H]1C[C@@H](CC[C@H]1O)\C=C(/C)[C@H]1OC(=O)[C@@H]2CCCCN2C(=O)C(=O)[C@]2(O)O[C@@H]([C@H](C[C@H]2C)OC)[C@H](C[C@@H](C)C\C(C)=C\[C@@H](CC=C)C(=O)C[C@H](O)[C@@H]1C)OC"	"Interferon gamma"	"Cytokine"	"P01579"	"IFNG"	"IFNG_HUMAN"	10.22	"IC50"	"Tclin"
"tadalafil"	"CN1CC(=O)N2[C@H](CC3=C(NC4=C3C=CC=C4)[C@H]2C2=CC=C3OCOC3=C2)C1=O"	"Dual 3',5'-cyclic-AMP and -GMP phosphodiesterase 11A"	"Enzyme"	"Q9HCR9"	"PDE11A"	"PDE11_HUMAN"	7.48	"IC50"	"Tchem"
"tafamidis"	"OC(=O)C1=CC2=C(C=C1)N=C(O2)C1=CC(Cl)=CC(Cl)=C1"	"Transthyretin"	"Secreted"	"P02766"	"TTR"	"TTHY_HUMAN"	6.812	"Kd"	"Tclin"
"tamibarotene"	"CC1(C)CCC(C)(C)C2=CC(NC(=O)C3=CC=C(C=C3)C(O)=O)=CC=C12"	"Retinoic acid receptor beta"	"Nuclear hormone receptor"	"P10826"	"RARB"	"RARB_HUMAN"	6.63	"EC50"	"Tclin"
"tamoxifen"	"CC\C(=C(/C1=CC=CC=C1)C1=CC=C(OCCN(C)C)C=C1)C1=CC=CC=C1"	"3-beta-hydroxysteroid-Delta(8),Delta(7)-isomerase"	"Enzyme"	"Q15125"	"EBP"	"EBP_HUMAN"	8.301	"Ki"	"Tchem"
"tamoxifen"	"CC\C(=C(/C1=CC=CC=C1)C1=CC=C(OCCN(C)C)C=C1)C1=CC=CC=C1"	"Muscarinic acetylcholine receptor M3"	"GPCR"	"P20309"	"CHRM3"	"ACM3_HUMAN"	6.200659451	"Ki"	"Tclin"
"tannic acid"	(null)	"Mitogen-activated protein kinase 1"	"Kinase"	"P28482"	"MAPK1"	"MK01_HUMAN"	6.730000019073486	"IC50"	"Tchem"
"tazarotene"	"CCOC(=O)C1=CN=C(C=C1)C#CC1=CC=C2SCCC(C)(C)C2=C1"	"Retinoic acid receptor beta"	"Nuclear hormone receptor"	"P10826"	"RARB"	"RARB_HUMAN"	9.1	"EC50"	"Tclin"
"teprotumumab"	(null)	"Insulin-like growth factor 1 receptor"	"Kinase"	"P08069"	"IGF1R"	"IGF1R_HUMAN"	9.0	"IC50"	"Tclin"
"terfenadine"	"CC(C)(C)C1=CC=C(C=C1)C(O)CCCN1CCC(CC1)C(O)(C1=CC=CC=C1)C1=CC=CC=C1"	"Potassium voltage-gated channel subfamily H member 1"	"Ion channel"	"O95259"	"KCNH1"	"KCNH1_HUMAN"	7.8	"IC50"	"Tclin"
"tetracaine"	"CCCCNC1=CC=C(C=C1)C(=O)OCCN(C)C"	"Sodium channel protein type 5 subunit alpha"	"Ion channel"	"Q14524"	"SCN5A"	"SCN5A_HUMAN"	6.28	"IC50"	"Tclin"
"tetracosactide"	"CSCC[C@H](NC(=O)[C@H](CO)NC(=O)[C@H](CC1=CC=C(O)C=C1)NC(=O)[C@@H](N)CO)C(=O)N[C@@H](CCC(O)=O)C(=O)N[C@@H](CC1=CNC=N1)C(=O)N[C@@H](CC1=CC=CC=C1)C(=O)N[C@@H](CCCNC(N)=N)C(=O)N[C@@H](CC1=CNC2=C1C=CC=C2)C(=O)NCC(=O)N[C@@H](CCCCN)C(=O)N1CCC[C@H]1C(=O)N[C@@H](C(C)C)C(=O)NCC(=O)N[C@@H](CCCCN)C(=O)N[C@@H](CCCCN)C(=O)N[C@@H](CCCNC(N)=N)C(=O)N[C@@H](CCCNC(N)=N)C(=O)N1CCC[C@H]1C(=O)N[C@@H](C(C)C)C(=O)N[C@@H](CCCCN)C(=O)N[C@@H](C(C)C)C(=O)N[C@@H](CC1=CC=C(O)C=C1)C(=O)N1CCC[C@H]1C(O)=O"	"Adrenocorticotropic hormone receptor"	"GPCR"	"Q01718"	"MC2R"	"ACTHR_HUMAN"	8.267605781555176	"Ki"	"Tclin"
"theophylline"	"CN1C2=C(N=CN2)C(=O)N(C)C1=O"	"Adenosine receptor A2a"	"GPCR"	"P29274"	"ADORA2A"	"AA2AR_HUMAN"	9.22	"Ki"	"Tclin"
"thioridazine"	"CSC1=CC=C2SC3=CC=CC=C3N(CCC3CCCCN3C)C2=C1"	"Muscarinic acetylcholine receptor M3"	"GPCR"	"P20309"	"CHRM3"	"ACM3_HUMAN"	7.59522008895874	"Ki"	"Tclin"
"tiotropium bromide"	"C[N+]1(C)[C@H]2C[C@H](C[C@@H]1[C@H]1O[C@@H]21)OC(=O)C(O)(C1=CC=CS1)C1=CC=CS1"	"Muscarinic acetylcholine receptor M3"	"GPCR"	"P20309"	"CHRM3"	"ACM3_HUMAN"	11.1	"Ki"	"Tclin"
"tivozanib"	"COC1=C(OC)C=C2C(OC3=CC=C(NC(=O)NC4=NOC(C)=C4)C(Cl)=C3)=CC=NC2=C1"	"Fibroblast growth factor receptor 1"	"Kinase"	"P11362"	"FGFR1"	"FGFR1_HUMAN"	6.524329	"IC50"	"Tclin"
"tivozanib"	"COC1=C(OC)C=C2C(OC3=CC=C(NC(=O)NC4=NOC(C)=C4)C(Cl)=C3)=CC=NC2=C1"	"Vascular endothelial growth factor receptor 2"	"Kinase"	"P35968"	"KDR"	"VGFR2_HUMAN"	9.79588	"IC50"	"Tclin"
"tivozanib"	"COC1=C(OC)C=C2C(OC3=CC=C(NC(=O)NC4=NOC(C)=C4)C(Cl)=C3)=CC=NC2=C1"	"Vascular endothelial growth factor receptor 3"	"Kinase"	"P35916"	"FLT4"	"VGFR3_HUMAN"	9.619789	"IC50"	"Tclin"
"tolcapone"	"CC1=CC=C(C=C1)C(=O)C1=CC(=C(O)C(O)=C1)[N+]([O-])=O"	"Catechol O-methyltransferase"	"Enzyme"	"P21964"	"COMT"	"COMT_HUMAN"	9.568635940551758	"Ki"	"Tclin"
"tolterodine"	"CC(C)N(CC[C@H](C1=CC=CC=C1)C1=C(O)C=CC(C)=C1)C(C)C"	"Muscarinic acetylcholine receptor M3"	"GPCR"	"P20309"	"CHRM3"	"ACM3_HUMAN"	8.49	"Ki"	"Tclin"
"trametinib"	"CN1C(=O)C(C)=C2N(C(=O)N(C3CC3)C(=O)C2=C1NC1=C(F)C=C(I)C=C1)C1=CC(NC(C)=O)=CC=C1"	"Dual specificity mitogen-activated protein kinase kinase 1"	"Kinase"	"Q02750"	"MAP2K1"	"MP2K1_HUMAN"	8.744727	"IC50"	"Tclin"
"trametinib"	"CN1C(=O)C(C)=C2N(C(=O)N(C3CC3)C(=O)C2=C1NC1=C(F)C=C(I)C=C1)C1=CC(NC(C)=O)=CC=C1"	"Dual specificity mitogen-activated protein kinase kinase 2"	"Kinase"	"P36507"	"MAP2K2"	"MP2K2_HUMAN"	9.036212	"IC50"	"Tclin"
"tretinoin"	"C\C(\C=C\C1=C(C)CCCC1(C)C)=C/C=C/C(/C)=C/C(O)=O"	"Mitogen-activated protein kinase 1"	"Kinase"	"P28482"	"MAPK1"	"MK01_HUMAN"	6.239577517	"IC50"	"Tchem"
"tretinoin"	"C\C(\C=C\C1=C(C)CCCC1(C)C)=C/C=C/C(/C)=C/C(O)=O"	"Retinoic acid receptor beta"	"Nuclear hormone receptor"	"P10826"	"RARB"	"RARB_HUMAN"	6.7	"EC50"	"Tclin"
"trichlormethiazide"	"NS(=O)(=O)C1=CC2=C(NC(NS2(=O)=O)C(Cl)Cl)C=C1Cl"	"Solute carrier family 12 member 3"	"Transporter"	"P55017"	"SLC12A3"	"S12A3_HUMAN"	7.0	"A2"	"Tclin"
"trifarotene"	"CC(C)(C)C1=CC(=CC=C1N1CCCC1)C1=C(OCCO)C=CC(=C1)C1=CC=C(C=C1)C(O)=O"	"Retinoic acid receptor beta"	"Nuclear hormone receptor"	"P10826"	"RARB"	"RARB_HUMAN"	6.9	"EC50"	"Tclin"
"trifluoperazine"	"CN1CCN(CCCN2C3=CC=CC=C3SC3=C2C=C(C=C3)C(F)(F)F)CC1"	"3-beta-hydroxysteroid-Delta(8),Delta(7)-isomerase"	"Enzyme"	"Q15125"	"EBP"	"EBP_HUMAN"	8.1	"Ki"	"Tchem"
"trifluperidol"	"OC1(CCN(CCCC(=O)C2=CC=C(F)C=C2)CC1)C1=CC(=CC=C1)C(F)(F)F"	"3-beta-hydroxysteroid-Delta(8),Delta(7)-isomerase"	"Enzyme"	"Q15125"	"EBP"	"EBP_HUMAN"	6.78	"Ki"	"Tchem"
"trihexyphenidyl"	"OC(CCN1CCCCC1)(C1CCCCC1)C1=CC=CC=C1"	"Muscarinic acetylcholine receptor M3"	"GPCR"	"P20309"	"CHRM3"	"ACM3_HUMAN"	7.58	"IC50"	"Tclin"
"trioxsalen"	"CC1=CC2=CC3=C(OC(=O)C=C3C)C(C)=C2O1"	"Adenosine receptor A2a"	"GPCR"	"P29274"	"ADORA2A"	"AA2AR_HUMAN"	6.132532512	"Ki"	"Tclin"
"triparanol"	"CCN(CC)CCOC1=CC=C(C=C1)C(O)(CC1=CC=C(Cl)C=C1)C1=CC=C(C)C=C1"	"3-beta-hydroxysteroid-Delta(8),Delta(7)-isomerase"	"Enzyme"	"Q15125"	"EBP"	"EBP_HUMAN"	7.96	"Ki"	"Tchem"
"troglitazone"	"CC1=C(O)C(C)=C2CCC(C)(COC3=CC=C(CC4SC(=O)NC4=O)C=C3)OC2=C1C"	"Peroxisome proliferator-activated receptor gamma"	"Nuclear hormone receptor"	"P37231"	"PPARG"	"PPARG_HUMAN"	6.27	"EC50"	"Tclin"
"tropicamide"	"CCN(CC1=CC=NC=C1)C(=O)C(CO)C1=CC=CC=C1"	"Muscarinic acetylcholine receptor M3"	"GPCR"	"P20309"	"CHRM3"	"ACM3_HUMAN"	7.522878745	"Ki"	"Tclin"
"ubrogepant"	"C[C@@H]1[C@@H](C[C@H](NC(=O)C2=CN=C3C[C@]4(CC3=C2)C(=O)NC2=NC=CC=C42)C(=O)N1CC(F)(F)F)C1=CC=CC=C1"	"Calcitonin gene-related peptide type 1 receptor"	"GPCR"	"Q16602"	"CALCRL"	"CALRL_HUMAN"	10.2	"Ki"	"Tclin"
"umeclidinium"	"OC(C1=CC=CC=C1)(C1=CC=CC=C1)C12CC[N+](CCOCC3=CC=CC=C3)(CC1)CC2"	"Muscarinic acetylcholine receptor M3"	"GPCR"	"P20309"	"CHRM3"	"ACM3_HUMAN"	10.221848487854004	"Ki"	"Tclin"
"valethamate"	"CCC(C)C(C(=O)OCC[N+](C)(CC)CC)C1=CC=CC=C1"	"Muscarinic acetylcholine receptor M3"	"GPCR"	"P20309"	"CHRM3"	"ACM3_HUMAN"	8.25	"Ki"	"Tclin"
"vandetanib"	"COC1=C(OCC2CCN(C)CC2)C=C2N=CN=C(NC3=C(F)C=C(Br)C=C3)C2=C1"	"Ephrin type-B receptor 4"	"Kinase"	"P54760"	"EPHB4"	"EPHB4_HUMAN"	6.28	"Kd"	"Tchem"
"vandetanib"	"COC1=C(OCC2CCN(C)CC2)C=C2N=CN=C(NC3=C(F)C=C(Br)C=C3)C2=C1"	"Epidermal growth factor receptor"	"Kinase"	"P00533"	"EGFR"	"EGFR_HUMAN"	8.32	"Kd"	"Tclin"
"vandetanib"	"COC1=C(OCC2CCN(C)CC2)C=C2N=CN=C(NC3=C(F)C=C(Br)C=C3)C2=C1"	"Fibroblast growth factor receptor 1"	"Kinase"	"P11362"	"FGFR1"	"FGFR1_HUMAN"	6.25	"Kd"	"Tclin"
"vandetanib"	"COC1=C(OCC2CCN(C)CC2)C=C2N=CN=C(NC3=C(F)C=C(Br)C=C3)C2=C1"	"Fibroblast growth factor receptor 3"	"Kinase"	"P22607"	"FGFR3"	"FGFR3_HUMAN"	6.62	"Kd"	"Tclin"
"vandetanib"	"COC1=C(OCC2CCN(C)CC2)C=C2N=CN=C(NC3=C(F)C=C(Br)C=C3)C2=C1"	"Platelet-derived growth factor receptor alpha"	"Kinase"	"P16234"	"PDGFRA"	"PGFRA_HUMAN"	6.64	"Kd"	"Tclin"
"vandetanib"	"COC1=C(OCC2CCN(C)CC2)C=C2N=CN=C(NC3=C(F)C=C(Br)C=C3)C2=C1"	"Receptor tyrosine-protein kinase erbB-3"	"Kinase"	"P21860"	"ERBB3"	"ERBB3_HUMAN"	6.8	"Kd"	"Tchem"
"vandetanib"	"COC1=C(OCC2CCN(C)CC2)C=C2N=CN=C(NC3=C(F)C=C(Br)C=C3)C2=C1"	"Receptor-interacting serine/threonine-protein kinase 4"	"Kinase"	"P57078"	"RIPK4"	"RIPK4_HUMAN"	6.21	"Kd"	"Tchem"
"vandetanib"	"COC1=C(OCC2CCN(C)CC2)C=C2N=CN=C(NC3=C(F)C=C(Br)C=C3)C2=C1"	"Tyrosine-protein kinase ABL1"	"Kinase"	"P00519"	"ABL1"	"ABL1_HUMAN"	8.05	"Kd"	"Tclin"
"vandetanib"	"COC1=C(OCC2CCN(C)CC2)C=C2N=CN=C(NC3=C(F)C=C(Br)C=C3)C2=C1"	"Vascular endothelial growth factor receptor 2"	"Kinase"	"P35968"	"KDR"	"VGFR2_HUMAN"	6.33	"Kd"	"Tclin"
"vandetanib"	"COC1=C(OCC2CCN(C)CC2)C=C2N=CN=C(NC3=C(F)C=C(Br)C=C3)C2=C1"	"Vascular endothelial growth factor receptor 3"	"Kinase"	"P35916"	"FLT4"	"VGFR3_HUMAN"	6.52	"Kd"	"Tclin"
"vardenafil"	"CCCC1=NC(C)=C2N1N=C(NC2=O)C1=CC(=CC=C1OCC)S(=O)(=O)N1CCN(CC)CC1"	"Dual 3',5'-cyclic-AMP and -GMP phosphodiesterase 11A"	"Enzyme"	"Q9HCR9"	"PDE11A"	"PDE11_HUMAN"	6.89	"IC50"	"Tchem"
"vemurafenib"	"CCCS(=O)(=O)NC1=CC=C(F)C(C(=O)C2=CNC3=NC=C(C=C23)C2=CC=C(Cl)C=C2)=C1F"	"RAF proto-oncogene serine/threonine-protein kinase"	"Kinase"	"P04049"	"RAF1"	"RAF1_HUMAN"	7.32	"IC50"	"Tclin"
"vemurafenib"	"CCCS(=O)(=O)NC1=CC=C(F)C(C(=O)C2=CNC3=NC=C(C=C23)C2=CC=C(Cl)C=C2)=C1F"	"Serine/threonine-protein kinase B-raf"	"Kinase"	"P15056"	"BRAF"	"BRAF_HUMAN"	7.68	"IC50"	"Tclin"
"vemurafenib"	"CCCS(=O)(=O)NC1=CC=C(F)C(C(=O)C2=CNC3=NC=C(C=C23)C2=CC=C(Cl)C=C2)=C1F"	"Vascular endothelial growth factor receptor 2"	"Kinase"	"P35968"	"KDR"	"VGFR2_HUMAN"	6.44	"IC50"	"Tclin"
"vismodegib"	"CS(=O)(=O)C1=CC(Cl)=C(C=C1)C(=O)NC1=CC=C(Cl)C(=C1)C1=CC=CC=N1"	"Smoothened homolog"	"GPCR"	"Q99835"	"SMO"	"SMO_HUMAN"	7.79	"Ki"	"Tclin"
"vismodegib"	"CS(=O)(=O)C1=CC(Cl)=C(C=C1)C(=O)NC1=CC=C(Cl)C(=C1)C1=CC=CC=N1"	"Sonic hedgehog protein"	"Enzyme"	"Q15465"	"SHH"	"SHH_HUMAN"	7.82	"IC50"	"Tchem"
"voglibose"	"OCC(CO)N[C@H]1C[C@](O)(CO)[C@@H](O)[C@H](O)[C@H]1O"	"Lysosomal alpha-glucosidase"	"Enzyme"	"P10253"	"GAA"	"LYAG_HUMAN"	7.15	"IC50"	"Tclin"
"vorinostat"	"ONC(=O)CCCCCCC(=O)NC1=CC=CC=C1"	"Histone deacetylase 4"	"Enzyme"	"P56524"	"HDAC4"	"HDAC4_HUMAN"	7.8	"Ki"	"Tclin"
"vorinostat"	"ONC(=O)CCCCCCC(=O)NC1=CC=CC=C1"	"Histone deacetylase 8"	"Enzyme"	"Q9BY41"	"HDAC8"	"HDAC8_HUMAN"	6.76	"Ki"	"Tclin"
"xanomeline"	"CCCCCCOC1=NSN=C1C1=CCCN(C)C1"	"Muscarinic acetylcholine receptor M3"	"GPCR"	"P20309"	"CHRM3"	"ACM3_HUMAN"	7.89	"Ki"	"Tclin"
"zafirlukast"	"COC1=C(CC2=CN(C)C3=C2C=C(NC(=O)OC2CCCC2)C=C3)C=CC(=C1)C(=O)NS(=O)(=O)C1=C(C)C=CC=C1"	"Mitogen-activated protein kinase 1"	"Kinase"	"P28482"	"MAPK1"	"MK01_HUMAN"	6.269217724	"IC50"	"Tchem"
"zanubrutinib"	"NC(=O)C1=C2NCC[C@@H](C3CCN(CC3)C(=O)C=C)N2N=C1C1=CC=C(OC2=CC=CC=C2)C=C1"	"Tyrosine-protein kinase BTK"	"Kinase"	"Q06187"	"BTK"	"BTK_HUMAN"	9.52	"IC50"	"Tclin"
"zotepine"	"CN(C)CCOC1=CC2=C(SC3=CC=C(Cl)C=C13)C=CC=C2"	"Muscarinic acetylcholine receptor M3"	"GPCR"	"P20309"	"CHRM3"	"ACM3_HUMAN"	7.136677265167236	"Ki"	"Tclin"
